iso_time,return
2020-08-11 00:00:00+00:00,0.0
2020-08-12 00:00:00+00:00,0.0
2020-08-13 00:00:00+00:00,-0.10705907738779807
2020-08-14 00:00:00+00:00,0.0
2020-08-15 00:00:00+00:00,0.0
2020-08-16 00:00:00+00:00,0.0
2020-08-17 00:00:00+00:00,0.0
2020-08-18 00:00:00+00:00,0.0
2020-08-19 00:00:00+00:00,0.0
2020-08-20 00:00:00+00:00,0.0
2020-08-21 00:00:00+00:00,0.0
2020-08-22 00:00:00+00:00,0.0
2020-08-23 00:00:00+00:00,0.0
2020-08-24 00:00:00+00:00,0.0
2020-08-25 00:00:00+00:00,0.0
2020-08-26 00:00:00+00:00,-0.015352824664912834
2020-08-27 00:00:00+00:00,-0.07655441567954202
2020-08-28 00:00:00+00:00,0.019678637848550506
2020-08-29 00:00:00+00:00,-0.07393532448092943
2020-08-30 00:00:00+00:00,0.025914425365027416
2020-08-31 00:00:00+00:00,-0.09584926060554444
2020-09-01 00:00:00+00:00,0.0
2020-09-02 00:00:00+00:00,0.0
2020-09-03 00:00:00+00:00,0.0
2020-09-04 00:00:00+00:00,0.0
2020-09-05 00:00:00+00:00,0.0
2020-09-06 00:00:00+00:00,0.0
2020-09-07 00:00:00+00:00,0.0
2020-09-08 00:00:00+00:00,0.0
2020-09-09 00:00:00+00:00,0.0
2020-09-10 00:00:00+00:00,-0.15575875567801667
2020-09-11 00:00:00+00:00,0.0
2020-09-12 00:00:00+00:00,0.0
2020-09-13 00:00:00+00:00,0.0
2020-09-14 00:00:00+00:00,0.0
2020-09-15 00:00:00+00:00,0.0
2020-09-16 00:00:00+00:00,0.0
2020-09-17 00:00:00+00:00,0.0
2020-09-18 00:00:00+00:00,0.0
2020-09-19 00:00:00+00:00,0.0
2020-09-20 00:00:00+00:00,0.0
2020-09-21 00:00:00+00:00,0.0
2020-09-22 00:00:00+00:00,0.0
2020-09-23 00:00:00+00:00,0.0
2020-09-24 00:00:00+00:00,-0.04063628317298018
2020-09-25 00:00:00+00:00,-0.08723836585516065
2020-09-26 00:00:00+00:00,0.0
2020-09-27 00:00:00+00:00,0.0
2020-09-28 00:00:00+00:00,0.0
2020-09-29 00:00:00+00:00,0.0
2020-09-30 00:00:00+00:00,0.0
2020-10-01 00:00:00+00:00,0.0
2020-10-02 00:00:00+00:00,0.0
2020-10-03 00:00:00+00:00,0.0
2020-10-04 00:00:00+00:00,0.0
2020-10-05 00:00:00+00:00,0.0
2020-10-06 00:00:00+00:00,0.0
2020-10-07 00:00:00+00:00,0.0
2020-10-08 00:00:00+00:00,0.0
2020-10-09 00:00:00+00:00,0.0
2020-10-10 00:00:00+00:00,0.0
2020-10-11 00:00:00+00:00,0.0
2020-10-12 00:00:00+00:00,0.0
2020-10-13 00:00:00+00:00,0.0
2020-10-14 00:00:00+00:00,0.0
2020-10-15 00:00:00+00:00,0.0
2020-10-16 00:00:00+00:00,0.0
2020-10-17 00:00:00+00:00,0.0
2020-10-18 00:00:00+00:00,0.0
2020-10-19 00:00:00+00:00,0.0
2020-10-20 00:00:00+00:00,0.0
2020-10-21 00:00:00+00:00,0.0
2020-10-22 00:00:00+00:00,0.0
2020-10-23 00:00:00+00:00,0.0
2020-10-24 00:00:00+00:00,0.0
2020-10-25 00:00:00+00:00,0.0
2020-10-26 00:00:00+00:00,0.0
2020-10-27 00:00:00+00:00,0.0
2020-10-28 00:00:00+00:00,0.0
2020-10-29 00:00:00+00:00,0.0
2020-10-30 00:00:00+00:00,0.0
2020-10-31 00:00:00+00:00,0.0
2020-11-01 00:00:00+00:00,0.0
2020-11-02 00:00:00+00:00,0.0
2020-11-03 00:00:00+00:00,0.0
2020-11-04 00:00:00+00:00,0.0
2020-11-05 00:00:00+00:00,0.0
2020-11-06 00:00:00+00:00,0.16215424693725633
2020-11-07 00:00:00+00:00,0.1732600740364938
2020-11-08 00:00:00+00:00,0.0
2020-11-09 00:00:00+00:00,0.0
2020-11-10 00:00:00+00:00,0.0
2020-11-11 00:00:00+00:00,0.0
2020-11-12 00:00:00+00:00,0.0
2020-11-13 00:00:00+00:00,0.0
2020-11-14 00:00:00+00:00,0.0
2020-11-15 00:00:00+00:00,0.0
2020-11-16 00:00:00+00:00,-0.039292676297360996
2020-11-17 00:00:00+00:00,-0.03730185412449882
2020-11-18 00:00:00+00:00,-0.05075907284279546
2020-11-19 00:00:00+00:00,0.0
2020-11-20 00:00:00+00:00,0.0
2020-11-21 00:00:00+00:00,0.017263663747068447
2020-11-22 00:00:00+00:00,-0.12588116064259913
2020-11-23 00:00:00+00:00,0.0
2020-11-24 00:00:00+00:00,0.0
2020-11-25 00:00:00+00:00,0.0
2020-11-26 00:00:00+00:00,0.0
2020-11-27 00:00:00+00:00,0.0
2020-11-28 00:00:00+00:00,0.0
2020-11-29 00:00:00+00:00,0.0
2020-11-30 00:00:00+00:00,0.0
2020-12-01 00:00:00+00:00,0.0
2020-12-02 00:00:00+00:00,0.0015591039894080616
2020-12-03 00:00:00+00:00,-0.015580464533343497
2020-12-04 00:00:00+00:00,-0.029542925485193217
2020-12-05 00:00:00+00:00,0.0
2020-12-06 00:00:00+00:00,0.0
2020-12-07 00:00:00+00:00,0.0
2020-12-08 00:00:00+00:00,0.0
2020-12-09 00:00:00+00:00,0.0
2020-12-10 00:00:00+00:00,0.0
2020-12-11 00:00:00+00:00,0.0
2020-12-12 00:00:00+00:00,0.0
2020-12-13 00:00:00+00:00,0.0
2020-12-14 00:00:00+00:00,0.0
2020-12-15 00:00:00+00:00,0.028612861914330434
2020-12-16 00:00:00+00:00,0.016658859499756318
2020-12-17 00:00:00+00:00,-0.0793686364456907
2020-12-18 00:00:00+00:00,0.0
2020-12-19 00:00:00+00:00,0.0
2020-12-20 00:00:00+00:00,0.0
2020-12-21 00:00:00+00:00,0.0
2020-12-22 00:00:00+00:00,0.0
2020-12-23 00:00:00+00:00,0.0
2020-12-24 00:00:00+00:00,0.0
2020-12-25 00:00:00+00:00,0.0
2020-12-26 00:00:00+00:00,0.0
2020-12-27 00:00:00+00:00,0.0
2020-12-28 00:00:00+00:00,0.0
2020-12-29 00:00:00+00:00,0.09460406358822815
2020-12-30 00:00:00+00:00,-0.10526707475601993
2020-12-31 00:00:00+00:00,-0.013251495656432355
2021-01-01 00:00:00+00:00,0.0
2021-01-02 00:00:00+00:00,-0.03875140201428029
2021-01-03 00:00:00+00:00,0.19152993638686522
2021-01-04 00:00:00+00:00,0.05025706366625915
2021-01-05 00:00:00+00:00,-0.1545863898773463
2021-01-06 00:00:00+00:00,0.0
2021-01-07 00:00:00+00:00,0.0
2021-01-08 00:00:00+00:00,0.31841096391777013
2021-01-09 00:00:00+00:00,0.0
2021-01-10 00:00:00+00:00,-0.17562478720107666
2021-01-11 00:00:00+00:00,0.0
2021-01-12 00:00:00+00:00,0.0
2021-01-13 00:00:00+00:00,0.0
2021-01-14 00:00:00+00:00,0.0
2021-01-15 00:00:00+00:00,0.0
2021-01-16 00:00:00+00:00,0.0
2021-01-17 00:00:00+00:00,-0.013256301906325652
2021-01-18 00:00:00+00:00,-0.015261468004481582
2021-01-19 00:00:00+00:00,-0.028376714518060453
2021-01-20 00:00:00+00:00,0.0
2021-01-21 00:00:00+00:00,0.0
2021-01-22 00:00:00+00:00,0.0
2021-01-23 00:00:00+00:00,0.0
2021-01-24 00:00:00+00:00,0.0
2021-01-25 00:00:00+00:00,-0.04081184772592328
2021-01-26 00:00:00+00:00,0.11745711963725602
2021-01-27 00:00:00+00:00,-0.10712407535401913
2021-01-28 00:00:00+00:00,0.0
2021-01-29 00:00:00+00:00,0.0
2021-01-30 00:00:00+00:00,0.04930926482012388
2021-01-31 00:00:00+00:00,-0.013214156715371739
2021-02-01 00:00:00+00:00,0.0
2021-02-02 00:00:00+00:00,0.13026527333486104
2021-02-03 00:00:00+00:00,0.12438922140022846
2021-02-04 00:00:00+00:00,0.15524931926032548
2021-02-05 00:00:00+00:00,0.05889478967253203
2021-02-06 00:00:00+00:00,-0.0981133681452907
2021-02-07 00:00:00+00:00,0.0
2021-02-08 00:00:00+00:00,0.03218709900326844
2021-02-09 00:00:00+00:00,-0.010380170329370442
2021-02-10 00:00:00+00:00,0.21768389339558292
2021-02-11 00:00:00+00:00,0.014455216033824048
2021-02-12 00:00:00+00:00,-0.0010354907693185256
2021-02-13 00:00:00+00:00,-0.03407836851670787
2021-02-14 00:00:00+00:00,0.0
2021-02-15 00:00:00+00:00,0.0
2021-02-16 00:00:00+00:00,0.0
2021-02-17 00:00:00+00:00,0.0
2021-02-18 00:00:00+00:00,0.0
2021-02-19 00:00:00+00:00,0.2976892752718283
2021-02-20 00:00:00+00:00,-0.12927066792010333
2021-02-21 00:00:00+00:00,0.0
2021-02-22 00:00:00+00:00,0.0
2021-02-23 00:00:00+00:00,-0.11998638307823928
2021-02-24 00:00:00+00:00,0.07838297970931163
2021-02-25 00:00:00+00:00,-0.1012076872732447
2021-02-26 00:00:00+00:00,0.0
2021-02-27 00:00:00+00:00,0.0
2021-02-28 00:00:00+00:00,0.0
2021-03-01 00:00:00+00:00,0.0
2021-03-02 00:00:00+00:00,0.0
2021-03-03 00:00:00+00:00,0.0
2021-03-04 00:00:00+00:00,0.0
2021-03-05 00:00:00+00:00,0.0
2021-03-06 00:00:00+00:00,0.0
2021-03-07 00:00:00+00:00,0.0
2021-03-08 00:00:00+00:00,0.0
2021-03-09 00:00:00+00:00,0.017953050826928107
2021-03-10 00:00:00+00:00,-0.0558622329402253
2021-03-11 00:00:00+00:00,-0.013815894631447834
2021-03-12 00:00:00+00:00,-0.1216845813317754
2021-03-13 00:00:00+00:00,0.0
2021-03-14 00:00:00+00:00,0.0
2021-03-15 00:00:00+00:00,0.0
2021-03-16 00:00:00+00:00,0.0
2021-03-17 00:00:00+00:00,0.0
2021-03-18 00:00:00+00:00,0.0
2021-03-19 00:00:00+00:00,0.0
2021-03-20 00:00:00+00:00,-0.06542151614554814
2021-03-21 00:00:00+00:00,0.0
2021-03-22 00:00:00+00:00,-0.014987330736421889
2021-03-23 00:00:00+00:00,-0.02064141658714691
2021-03-24 00:00:00+00:00,0.0
2021-03-25 00:00:00+00:00,0.0
2021-03-26 00:00:00+00:00,0.0
2021-03-27 00:00:00+00:00,-0.003938760165077437
2021-03-28 00:00:00+00:00,0.12693364000553142
2021-03-29 00:00:00+00:00,0.0634116595353722
2021-03-30 00:00:00+00:00,0.007275190893758943
2021-03-31 00:00:00+00:00,-0.04984296557211021
2021-04-01 00:00:00+00:00,0.0
2021-04-02 00:00:00+00:00,0.0
2021-04-03 00:00:00+00:00,0.10469992917999993
2021-04-04 00:00:00+00:00,0.07267412714192623
2021-04-05 00:00:00+00:00,-0.04478558050696724
2021-04-06 00:00:00+00:00,-0.02329255238779737
2021-04-07 00:00:00+00:00,-0.12489974540991444
2021-04-08 00:00:00+00:00,0.0
2021-04-09 00:00:00+00:00,-0.010128253382525876
2021-04-10 00:00:00+00:00,-0.0348283351071671
2021-04-11 00:00:00+00:00,0.0
2021-04-12 00:00:00+00:00,0.0
2021-04-13 00:00:00+00:00,0.0
2021-04-14 00:00:00+00:00,0.0
2021-04-15 00:00:00+00:00,0.0
2021-04-16 00:00:00+00:00,0.0
2021-04-17 00:00:00+00:00,0.0
2021-04-18 00:00:00+00:00,0.0
2021-04-19 00:00:00+00:00,-0.09780111084099719
2021-04-20 00:00:00+00:00,0.0
2021-04-21 00:00:00+00:00,0.0
2021-04-22 00:00:00+00:00,-0.03523121855200573
2021-04-23 00:00:00+00:00,0.0
2021-04-24 00:00:00+00:00,-0.007120815291529081
2021-04-25 00:00:00+00:00,0.20914407917564226
2021-04-26 00:00:00+00:00,-0.09801648381849815
2021-04-27 00:00:00+00:00,-0.030071439864697735
2021-04-28 00:00:00+00:00,0.0
2021-04-29 00:00:00+00:00,0.0
2021-04-30 00:00:00+00:00,0.0
2021-05-01 00:00:00+00:00,0.0
2021-05-02 00:00:00+00:00,-0.07362833286070558
2021-05-03 00:00:00+00:00,-0.03795097065491304
2021-05-04 00:00:00+00:00,0.0
2021-05-05 00:00:00+00:00,0.0
2021-05-06 00:00:00+00:00,0.0
2021-05-07 00:00:00+00:00,0.0
2021-05-08 00:00:00+00:00,0.0
2021-05-09 00:00:00+00:00,0.0
2021-05-10 00:00:00+00:00,0.0
2021-05-11 00:00:00+00:00,0.0
2021-05-12 00:00:00+00:00,0.0
2021-05-13 00:00:00+00:00,0.0
2021-05-14 00:00:00+00:00,0.0
2021-05-15 00:00:00+00:00,0.0
2021-05-16 00:00:00+00:00,-0.08583628899076412
2021-05-17 00:00:00+00:00,0.0
2021-05-18 00:00:00+00:00,0.08966145094270694
2021-05-19 00:00:00+00:00,-0.11894919720952568
2021-05-20 00:00:00+00:00,0.0
2021-05-21 00:00:00+00:00,0.0
2021-05-22 00:00:00+00:00,0.0
2021-05-23 00:00:00+00:00,0.0
2021-05-24 00:00:00+00:00,0.0
2021-05-25 00:00:00+00:00,0.0
2021-05-26 00:00:00+00:00,0.0
2021-05-27 00:00:00+00:00,0.0
2021-05-28 00:00:00+00:00,0.0
2021-05-29 00:00:00+00:00,0.0
2021-05-30 00:00:00+00:00,0.0
2021-05-31 00:00:00+00:00,0.0
2021-06-01 00:00:00+00:00,0.0
2021-06-02 00:00:00+00:00,-0.023532858346418828
2021-06-03 00:00:00+00:00,0.21700862690611755
2021-06-04 00:00:00+00:00,-0.11647223207500268
2021-06-05 00:00:00+00:00,-0.14910772622075474
2021-06-06 00:00:00+00:00,0.0
2021-06-07 00:00:00+00:00,-0.07852030886023198
2021-06-08 00:00:00+00:00,0.0
2021-06-09 00:00:00+00:00,0.0
2021-06-10 00:00:00+00:00,0.0
2021-06-11 00:00:00+00:00,0.0
2021-06-12 00:00:00+00:00,0.0
2021-06-13 00:00:00+00:00,0.0
2021-06-14 00:00:00+00:00,0.0
2021-06-15 00:00:00+00:00,0.0
2021-06-16 00:00:00+00:00,-0.055850511341857145
2021-06-17 00:00:00+00:00,-0.006291443059143198
2021-06-18 00:00:00+00:00,0.0
2021-06-19 00:00:00+00:00,0.0
2021-06-20 00:00:00+00:00,0.0
2021-06-21 00:00:00+00:00,0.0
2021-06-22 00:00:00+00:00,0.0
2021-06-23 00:00:00+00:00,0.0
2021-06-24 00:00:00+00:00,0.0
2021-06-25 00:00:00+00:00,0.0
2021-06-26 00:00:00+00:00,0.0
2021-06-27 00:00:00+00:00,0.0
2021-06-28 00:00:00+00:00,-0.018705091310449062
2021-06-29 00:00:00+00:00,0.03747726248336525
2021-06-30 00:00:00+00:00,-0.07611793890933172
2021-07-01 00:00:00+00:00,0.0
2021-07-02 00:00:00+00:00,0.0
2021-07-03 00:00:00+00:00,0.0
2021-07-04 00:00:00+00:00,0.0
2021-07-05 00:00:00+00:00,0.0
2021-07-06 00:00:00+00:00,0.0
2021-07-07 00:00:00+00:00,-0.02992512253820756
2021-07-08 00:00:00+00:00,-0.07293098104178342
2021-07-09 00:00:00+00:00,0.0
2021-07-10 00:00:00+00:00,0.0
2021-07-11 00:00:00+00:00,0.0
2021-07-12 00:00:00+00:00,0.0
2021-07-13 00:00:00+00:00,0.0
2021-07-14 00:00:00+00:00,0.0
2021-07-15 00:00:00+00:00,0.0
2021-07-16 00:00:00+00:00,0.0
2021-07-17 00:00:00+00:00,0.0
2021-07-18 00:00:00+00:00,0.0
2021-07-19 00:00:00+00:00,0.0
2021-07-20 00:00:00+00:00,0.0
2021-07-21 00:00:00+00:00,0.0
2021-07-22 00:00:00+00:00,-0.011756959474307438
2021-07-23 00:00:00+00:00,0.03779481093531056
2021-07-24 00:00:00+00:00,0.0038961573029356877
2021-07-25 00:00:00+00:00,-0.03983149631668448
2021-07-26 00:00:00+00:00,0.0
2021-07-27 00:00:00+00:00,0.0
2021-07-28 00:00:00+00:00,0.0
2021-07-29 00:00:00+00:00,0.0
2021-07-30 00:00:00+00:00,0.024178543540934294
2021-07-31 00:00:00+00:00,0.17878728202769545
2021-08-01 00:00:00+00:00,-0.09123212622939858
2021-08-02 00:00:00+00:00,-0.01764294026677604
2021-08-03 00:00:00+00:00,0.0
2021-08-04 00:00:00+00:00,0.0
2021-08-05 00:00:00+00:00,0.026499130080035016
2021-08-06 00:00:00+00:00,0.07561392391300781
2021-08-07 00:00:00+00:00,-0.0024055596400931467
2021-08-08 00:00:00+00:00,-0.048214173743339916
2021-08-09 00:00:00+00:00,0.0
2021-08-10 00:00:00+00:00,0.0
2021-08-11 00:00:00+00:00,-0.006852597141961181
2021-08-12 00:00:00+00:00,-0.04280992349435364
2021-08-13 00:00:00+00:00,0.020420201699333562
2021-08-14 00:00:00+00:00,-0.020424604710497785
2021-08-15 00:00:00+00:00,0.28267642201471155
2021-08-16 00:00:00+00:00,0.20608576554439817
2021-08-17 00:00:00+00:00,0.06771987678193137
2021-08-18 00:00:00+00:00,0.0
2021-08-19 00:00:00+00:00,0.0
2021-08-20 00:00:00+00:00,-0.018754747418905593
2021-08-21 00:00:00+00:00,-0.07800077217977186
2021-08-22 00:00:00+00:00,0.0
2021-08-23 00:00:00+00:00,0.0
2021-08-24 00:00:00+00:00,0.0
2021-08-25 00:00:00+00:00,0.0
2021-08-26 00:00:00+00:00,0.0
2021-08-27 00:00:00+00:00,0.06046365648266927
2021-08-28 00:00:00+00:00,0.12244114942365836
2021-08-29 00:00:00+00:00,-0.027484941820173026
2021-08-30 00:00:00+00:00,0.22377506822906867
2021-08-31 00:00:00+00:00,0.031102770676835645
2021-09-01 00:00:00+00:00,0.0
2021-09-02 00:00:00+00:00,-0.01664164594217188
2021-09-03 00:00:00+00:00,0.18583679878781512
2021-09-04 00:00:00+00:00,-0.06713616334704109
2021-09-05 00:00:00+00:00,-0.029410151899133763
2021-09-06 00:00:00+00:00,0.008568175290735391
2021-09-07 00:00:00+00:00,0.03671889746023416
2021-09-08 00:00:00+00:00,-0.026996132758101643
2021-09-09 00:00:00+00:00,-0.023752703536858988
2021-09-10 00:00:00+00:00,0.0
2021-09-11 00:00:00+00:00,0.0
2021-09-12 00:00:00+00:00,0.0
2021-09-13 00:00:00+00:00,0.0
2021-09-14 00:00:00+00:00,0.0
2021-09-15 00:00:00+00:00,0.0
2021-09-16 00:00:00+00:00,0.0
2021-09-17 00:00:00+00:00,0.0
2021-09-18 00:00:00+00:00,0.0
2021-09-19 00:00:00+00:00,0.0
2021-09-20 00:00:00+00:00,0.0
2021-09-21 00:00:00+00:00,0.0
2021-09-22 00:00:00+00:00,0.0
2021-09-23 00:00:00+00:00,0.0
2021-09-24 00:00:00+00:00,0.0
2021-09-25 00:00:00+00:00,0.0
2021-09-26 00:00:00+00:00,0.0
2021-09-27 00:00:00+00:00,0.0
2021-09-28 00:00:00+00:00,0.0
2021-09-29 00:00:00+00:00,0.0
2021-09-30 00:00:00+00:00,0.0
2021-10-01 00:00:00+00:00,0.11281420670358
2021-10-02 00:00:00+00:00,0.05922408664606649
2021-10-03 00:00:00+00:00,0.030134730954486155
2021-10-04 00:00:00+00:00,-0.07204983398166498
2021-10-05 00:00:00+00:00,0.0
2021-10-06 00:00:00+00:00,0.0
2021-10-07 00:00:00+00:00,0.0
2021-10-08 00:00:00+00:00,0.0
2021-10-09 00:00:00+00:00,0.0
2021-10-10 00:00:00+00:00,0.0
2021-10-11 00:00:00+00:00,0.0
2021-10-12 00:00:00+00:00,0.0
2021-10-13 00:00:00+00:00,0.0
2021-10-14 00:00:00+00:00,0.0
2021-10-15 00:00:00+00:00,0.007051731348910462
2021-10-16 00:00:00+00:00,-0.04499254808723652
2021-10-17 00:00:00+00:00,-0.0003089967388743009
2021-10-18 00:00:00+00:00,0.0
2021-10-19 00:00:00+00:00,0.0
2021-10-20 00:00:00+00:00,0.018697444482300485
2021-10-21 00:00:00+00:00,0.10069582263749344
2021-10-22 00:00:00+00:00,0.037958968780361646
2021-10-23 00:00:00+00:00,0.009065591171539156
2021-10-24 00:00:00+00:00,-0.024640203108800662
2021-10-25 00:00:00+00:00,0.0
2021-10-26 00:00:00+00:00,0.0
2021-10-27 00:00:00+00:00,0.0
2021-10-28 00:00:00+00:00,0.0
2021-10-29 00:00:00+00:00,0.0
2021-10-30 00:00:00+00:00,0.0
2021-10-31 00:00:00+00:00,0.0
2021-11-01 00:00:00+00:00,0.0
2021-11-02 00:00:00+00:00,0.06267038865463204
2021-11-03 00:00:00+00:00,0.13331771012156546
2021-11-04 00:00:00+00:00,0.01872313432799877
2021-11-05 00:00:00+00:00,-0.080418271665475
2021-11-06 00:00:00+00:00,0.022564305262393836
2021-11-07 00:00:00+00:00,-0.04414032331209494
2021-11-08 00:00:00+00:00,-0.02500670778722003
2021-11-09 00:00:00+00:00,0.0
2021-11-10 00:00:00+00:00,0.0
2021-11-11 00:00:00+00:00,0.0
2021-11-12 00:00:00+00:00,0.0
2021-11-13 00:00:00+00:00,0.0
2021-11-14 00:00:00+00:00,0.0
2021-11-15 00:00:00+00:00,0.0
2021-11-16 00:00:00+00:00,0.0
2021-11-17 00:00:00+00:00,0.0
2021-11-18 00:00:00+00:00,0.0
2021-11-19 00:00:00+00:00,0.0
2021-11-20 00:00:00+00:00,0.0
2021-11-21 00:00:00+00:00,0.0
2021-11-22 00:00:00+00:00,0.0
2021-11-23 00:00:00+00:00,0.0
2021-11-24 00:00:00+00:00,0.0
2021-11-25 00:00:00+00:00,0.0
2021-11-26 00:00:00+00:00,0.0
2021-11-27 00:00:00+00:00,0.0
2021-11-28 00:00:00+00:00,0.0
2021-11-29 00:00:00+00:00,0.0
2021-11-30 00:00:00+00:00,-0.04801775812726927
2021-12-01 00:00:00+00:00,0.13362901297241447
2021-12-02 00:00:00+00:00,0.0201934109359585
2021-12-03 00:00:00+00:00,-0.06985346163043671
2021-12-04 00:00:00+00:00,0.0
2021-12-05 00:00:00+00:00,0.0
2021-12-06 00:00:00+00:00,0.0
2021-12-07 00:00:00+00:00,0.0
2021-12-08 00:00:00+00:00,0.0
2021-12-09 00:00:00+00:00,0.0
2021-12-10 00:00:00+00:00,0.0
2021-12-11 00:00:00+00:00,0.0
2021-12-12 00:00:00+00:00,0.0
2021-12-13 00:00:00+00:00,0.0
2021-12-14 00:00:00+00:00,0.0
2021-12-15 00:00:00+00:00,0.0
2021-12-16 00:00:00+00:00,-0.03973075200421683
2021-12-17 00:00:00+00:00,-0.05114666100278886
2021-12-18 00:00:00+00:00,0.0
2021-12-19 00:00:00+00:00,0.0
2021-12-20 00:00:00+00:00,0.0
2021-12-21 00:00:00+00:00,0.0
2021-12-22 00:00:00+00:00,0.0
2021-12-23 00:00:00+00:00,0.013903138443847496
2021-12-24 00:00:00+00:00,0.0016959258491751061
2021-12-25 00:00:00+00:00,0.01850360000190765
2021-12-26 00:00:00+00:00,0.031499291537457896
2021-12-27 00:00:00+00:00,-0.014280456615542447
2021-12-28 00:00:00+00:00,-0.003770574692083528
2021-12-29 00:00:00+00:00,0.0
2021-12-30 00:00:00+00:00,0.0
2021-12-31 00:00:00+00:00,0.0
2022-01-01 00:00:00+00:00,0.0
2022-01-02 00:00:00+00:00,0.0
2022-01-03 00:00:00+00:00,0.0
2022-01-04 00:00:00+00:00,0.0
2022-01-05 00:00:00+00:00,0.0
2022-01-06 00:00:00+00:00,0.0
2022-01-07 00:00:00+00:00,0.0
2022-01-08 00:00:00+00:00,0.0
2022-01-09 00:00:00+00:00,0.0
2022-01-10 00:00:00+00:00,0.0
2022-01-11 00:00:00+00:00,0.0
2022-01-12 00:00:00+00:00,-0.005659634576099415
2022-01-13 00:00:00+00:00,-0.046527208911816276
2022-01-14 00:00:00+00:00,-0.01824663190116027
2022-01-15 00:00:00+00:00,0.0
2022-01-16 00:00:00+00:00,0.0
2022-01-17 00:00:00+00:00,0.0
2022-01-18 00:00:00+00:00,0.0
2022-01-19 00:00:00+00:00,0.0
2022-01-20 00:00:00+00:00,0.0
2022-01-21 00:00:00+00:00,0.0
2022-01-22 00:00:00+00:00,0.0
2022-01-23 00:00:00+00:00,0.0
2022-01-24 00:00:00+00:00,0.0
2022-01-25 00:00:00+00:00,0.0
2022-01-26 00:00:00+00:00,0.0
2022-01-27 00:00:00+00:00,0.0
2022-01-28 00:00:00+00:00,0.0
2022-01-29 00:00:00+00:00,0.0
2022-01-30 00:00:00+00:00,0.0
2022-01-31 00:00:00+00:00,0.0
2022-02-01 00:00:00+00:00,0.08069195034393584
2022-02-02 00:00:00+00:00,-0.10915743585009285
2022-02-03 00:00:00+00:00,0.0
2022-02-04 00:00:00+00:00,0.0
2022-02-05 00:00:00+00:00,0.0
2022-02-06 00:00:00+00:00,0.0
2022-02-07 00:00:00+00:00,-0.006447991890609295
2022-02-08 00:00:00+00:00,-0.02590310777434035
2022-02-09 00:00:00+00:00,0.0
2022-02-10 00:00:00+00:00,0.0
2022-02-11 00:00:00+00:00,0.0
2022-02-12 00:00:00+00:00,0.0
2022-02-13 00:00:00+00:00,0.0
2022-02-14 00:00:00+00:00,0.0
2022-02-15 00:00:00+00:00,0.0
2022-02-16 00:00:00+00:00,0.0
2022-02-17 00:00:00+00:00,0.0
2022-02-18 00:00:00+00:00,0.0
2022-02-19 00:00:00+00:00,0.0
2022-02-20 00:00:00+00:00,0.0
2022-02-21 00:00:00+00:00,0.0
2022-02-22 00:00:00+00:00,0.0
2022-02-23 00:00:00+00:00,0.0
2022-02-24 00:00:00+00:00,0.0
2022-02-25 00:00:00+00:00,0.0
2022-02-26 00:00:00+00:00,0.0
2022-02-27 00:00:00+00:00,0.0
2022-02-28 00:00:00+00:00,0.0
2022-03-01 00:00:00+00:00,-0.029644297927363006
2022-03-02 00:00:00+00:00,0.02560679007643807
2022-03-03 00:00:00+00:00,-0.03833815630748294
2022-03-04 00:00:00+00:00,0.0
2022-03-05 00:00:00+00:00,0.0
2022-03-06 00:00:00+00:00,0.0
2022-03-07 00:00:00+00:00,0.0
2022-03-08 00:00:00+00:00,0.0
2022-03-09 00:00:00+00:00,0.0
2022-03-10 00:00:00+00:00,0.0
2022-03-11 00:00:00+00:00,0.0
2022-03-12 00:00:00+00:00,0.0
2022-03-13 00:00:00+00:00,0.0
2022-03-14 00:00:00+00:00,0.0
2022-03-15 00:00:00+00:00,0.0
2022-03-16 00:00:00+00:00,0.028418565907218918
2022-03-17 00:00:00+00:00,9.728817987642024e-05
2022-03-18 00:00:00+00:00,-0.04873304826662006
2022-03-19 00:00:00+00:00,0.004964176191930569
2022-03-20 00:00:00+00:00,-0.04223065571033735
2022-03-21 00:00:00+00:00,0.0
2022-03-22 00:00:00+00:00,0.0
2022-03-23 00:00:00+00:00,0.008455267654008614
2022-03-24 00:00:00+00:00,0.10234843774212754
2022-03-25 00:00:00+00:00,-0.04744870335547691
2022-03-26 00:00:00+00:00,0.041209923947272964
2022-03-27 00:00:00+00:00,-0.01740525040284291
2022-03-28 00:00:00+00:00,-0.06306482955115378
2022-03-29 00:00:00+00:00,0.07197156319618148
2022-03-30 00:00:00+00:00,0.10757585553697058
2022-03-31 00:00:00+00:00,0.01995337833425892
2022-04-01 00:00:00+00:00,0.1251549095155866
2022-04-02 00:00:00+00:00,-0.0202341686043096
2022-04-03 00:00:00+00:00,0.04289170169778811
2022-04-04 00:00:00+00:00,-0.03332291279131483
2022-04-05 00:00:00+00:00,0.0
2022-04-06 00:00:00+00:00,0.0
2022-04-07 00:00:00+00:00,0.0
2022-04-08 00:00:00+00:00,0.0
2022-04-09 00:00:00+00:00,0.0
2022-04-10 00:00:00+00:00,0.0
2022-04-11 00:00:00+00:00,0.0
2022-04-12 00:00:00+00:00,0.0
2022-04-13 00:00:00+00:00,0.0
2022-04-14 00:00:00+00:00,0.0
2022-04-15 00:00:00+00:00,0.0
2022-04-16 00:00:00+00:00,0.0
2022-04-17 00:00:00+00:00,0.0
2022-04-18 00:00:00+00:00,0.0
2022-04-19 00:00:00+00:00,0.0
2022-04-20 00:00:00+00:00,-0.0383725902149159
2022-04-21 00:00:00+00:00,-0.014797396780163563
2022-04-22 00:00:00+00:00,0.0
2022-04-23 00:00:00+00:00,0.0
2022-04-24 00:00:00+00:00,0.0
2022-04-25 00:00:00+00:00,0.0
2022-04-26 00:00:00+00:00,0.0
2022-04-27 00:00:00+00:00,0.0
2022-04-28 00:00:00+00:00,0.0
2022-04-29 00:00:00+00:00,0.0
2022-04-30 00:00:00+00:00,0.0
2022-05-01 00:00:00+00:00,0.0
2022-05-02 00:00:00+00:00,0.0
2022-05-03 00:00:00+00:00,0.0
2022-05-04 00:00:00+00:00,0.0
2022-05-05 00:00:00+00:00,0.0
2022-05-06 00:00:00+00:00,0.0
2022-05-07 00:00:00+00:00,0.0
2022-05-08 00:00:00+00:00,0.0
2022-05-09 00:00:00+00:00,0.0
2022-05-10 00:00:00+00:00,0.0
2022-05-11 00:00:00+00:00,0.0
2022-05-12 00:00:00+00:00,0.0
2022-05-13 00:00:00+00:00,0.0
2022-05-14 00:00:00+00:00,0.0
2022-05-15 00:00:00+00:00,0.0
2022-05-16 00:00:00+00:00,0.0
2022-05-17 00:00:00+00:00,0.0
2022-05-18 00:00:00+00:00,0.0
2022-05-19 00:00:00+00:00,0.0
2022-05-20 00:00:00+00:00,0.0
2022-05-21 00:00:00+00:00,0.0
2022-05-22 00:00:00+00:00,0.0
2022-05-23 00:00:00+00:00,0.0
2022-05-24 00:00:00+00:00,0.0
2022-05-25 00:00:00+00:00,0.0
2022-05-26 00:00:00+00:00,0.0
2022-05-27 00:00:00+00:00,0.0
2022-05-28 00:00:00+00:00,0.0
2022-05-29 00:00:00+00:00,0.0
2022-05-30 00:00:00+00:00,0.0
2022-05-31 00:00:00+00:00,0.0
2022-06-01 00:00:00+00:00,0.0
2022-06-02 00:00:00+00:00,0.0
2022-06-03 00:00:00+00:00,0.0
2022-06-04 00:00:00+00:00,0.0
2022-06-05 00:00:00+00:00,0.0
2022-06-06 00:00:00+00:00,0.0
2022-06-07 00:00:00+00:00,0.0
2022-06-08 00:00:00+00:00,0.0
2022-06-09 00:00:00+00:00,0.0
2022-06-10 00:00:00+00:00,0.0
2022-06-11 00:00:00+00:00,0.0
2022-06-12 00:00:00+00:00,0.0
2022-06-13 00:00:00+00:00,0.0
2022-06-14 00:00:00+00:00,0.0
2022-06-15 00:00:00+00:00,0.0
2022-06-16 00:00:00+00:00,0.0
2022-06-17 00:00:00+00:00,0.0
2022-06-18 00:00:00+00:00,0.0
2022-06-19 00:00:00+00:00,0.0
2022-06-20 00:00:00+00:00,-0.016987728773650956
2022-06-21 00:00:00+00:00,0.04236177488265214
2022-06-22 00:00:00+00:00,-0.08113476619958082
2022-06-23 00:00:00+00:00,0.0
2022-06-24 00:00:00+00:00,0.08119026829202491
2022-06-25 00:00:00+00:00,0.008860795014872247
2022-06-26 00:00:00+00:00,-0.07250600569022925
2022-06-27 00:00:00+00:00,0.0
2022-06-28 00:00:00+00:00,0.0
2022-06-29 00:00:00+00:00,0.0
2022-06-30 00:00:00+00:00,0.0
2022-07-01 00:00:00+00:00,0.0
2022-07-02 00:00:00+00:00,0.0
2022-07-03 00:00:00+00:00,0.0
2022-07-04 00:00:00+00:00,0.026843413300574603
2022-07-05 00:00:00+00:00,-0.11133632533217797
2022-07-06 00:00:00+00:00,0.007416926021919457
2022-07-07 00:00:00+00:00,0.04964528195428275
2022-07-08 00:00:00+00:00,-0.012225675244147527
2022-07-09 00:00:00+00:00,-0.002376695483715663
2022-07-10 00:00:00+00:00,-0.016012357696346236
2022-07-11 00:00:00+00:00,0.0
2022-07-12 00:00:00+00:00,0.0
2022-07-13 00:00:00+00:00,0.0
2022-07-14 00:00:00+00:00,0.0
2022-07-15 00:00:00+00:00,-0.03188438160783513
2022-07-16 00:00:00+00:00,0.07736775347622182
2022-07-17 00:00:00+00:00,-0.031945458439964436
2022-07-18 00:00:00+00:00,0.16706794724903617
2022-07-19 00:00:00+00:00,0.03914428925628832
2022-07-20 00:00:00+00:00,-0.07291888485448195
2022-07-21 00:00:00+00:00,0.0
2022-07-22 00:00:00+00:00,0.0
2022-07-23 00:00:00+00:00,0.0
2022-07-24 00:00:00+00:00,0.0
2022-07-25 00:00:00+00:00,0.0
2022-07-26 00:00:00+00:00,0.0
2022-07-27 00:00:00+00:00,0.0
2022-07-28 00:00:00+00:00,0.0263548984715134
2022-07-29 00:00:00+00:00,-0.031151442198794954
2022-07-30 00:00:00+00:00,0.05939264022531754
2022-07-31 00:00:00+00:00,-0.024908595277231216
2022-08-01 00:00:00+00:00,0.0
2022-08-02 00:00:00+00:00,0.0
2022-08-03 00:00:00+00:00,0.0
2022-08-04 00:00:00+00:00,0.0
2022-08-05 00:00:00+00:00,0.0
2022-08-06 00:00:00+00:00,0.0
2022-08-07 00:00:00+00:00,0.0
2022-08-08 00:00:00+00:00,-0.005549496191480485
2022-08-09 00:00:00+00:00,-0.03359089146437655
2022-08-10 00:00:00+00:00,0.0
2022-08-11 00:00:00+00:00,0.0
2022-08-12 00:00:00+00:00,0.011759906591200853
2022-08-13 00:00:00+00:00,0.03170041959088965
2022-08-14 00:00:00+00:00,-0.04496863251658623
2022-08-15 00:00:00+00:00,0.0
2022-08-16 00:00:00+00:00,0.0
2022-08-17 00:00:00+00:00,0.0
2022-08-18 00:00:00+00:00,0.0
2022-08-19 00:00:00+00:00,0.0
2022-08-20 00:00:00+00:00,0.0
2022-08-21 00:00:00+00:00,0.0
2022-08-22 00:00:00+00:00,0.0
2022-08-23 00:00:00+00:00,0.0
2022-08-24 00:00:00+00:00,0.0
2022-08-25 00:00:00+00:00,0.0
2022-08-26 00:00:00+00:00,0.0
2022-08-27 00:00:00+00:00,0.0
2022-08-28 00:00:00+00:00,0.0
2022-08-29 00:00:00+00:00,0.0
2022-08-30 00:00:00+00:00,0.0
2022-08-31 00:00:00+00:00,0.0
2022-09-01 00:00:00+00:00,0.0
2022-09-02 00:00:00+00:00,0.0
2022-09-03 00:00:00+00:00,0.0
2022-09-04 00:00:00+00:00,0.0
2022-09-05 00:00:00+00:00,0.0
2022-09-06 00:00:00+00:00,-0.04272492754661028
2022-09-07 00:00:00+00:00,0.0
2022-09-08 00:00:00+00:00,0.0
2022-09-09 00:00:00+00:00,0.011874558128516899
2022-09-10 00:00:00+00:00,0.01326432813490741
2022-09-11 00:00:00+00:00,-0.03506609274686234
2022-09-12 00:00:00+00:00,0.05432568380691882
2022-09-13 00:00:00+00:00,-0.06097168341945114
2022-09-14 00:00:00+00:00,0.0
2022-09-15 00:00:00+00:00,0.0
2022-09-16 00:00:00+00:00,0.0
2022-09-17 00:00:00+00:00,0.0
2022-09-18 00:00:00+00:00,0.0
2022-09-19 00:00:00+00:00,0.0
2022-09-20 00:00:00+00:00,0.0
2022-09-21 00:00:00+00:00,0.0
2022-09-22 00:00:00+00:00,0.0
2022-09-23 00:00:00+00:00,-0.009855736345056876
2022-09-24 00:00:00+00:00,-0.01115325960161595
2022-09-25 00:00:00+00:00,-0.01941344798866984
2022-09-26 00:00:00+00:00,0.0
2022-09-27 00:00:00+00:00,0.0
2022-09-28 00:00:00+00:00,0.0
2022-09-29 00:00:00+00:00,0.0
2022-09-30 00:00:00+00:00,-0.06939269781797319
2022-10-01 00:00:00+00:00,0.0
2022-10-02 00:00:00+00:00,0.0
2022-10-03 00:00:00+00:00,0.0
2022-10-04 00:00:00+00:00,0.0
2022-10-05 00:00:00+00:00,0.0
2022-10-06 00:00:00+00:00,0.0
2022-10-07 00:00:00+00:00,0.0
2022-10-08 00:00:00+00:00,0.0
2022-10-09 00:00:00+00:00,0.0
2022-10-10 00:00:00+00:00,0.0
2022-10-11 00:00:00+00:00,0.0
2022-10-12 00:00:00+00:00,0.0
2022-10-13 00:00:00+00:00,0.0
2022-10-14 00:00:00+00:00,0.0
2022-10-15 00:00:00+00:00,0.0
2022-10-16 00:00:00+00:00,0.0
2022-10-17 00:00:00+00:00,0.0
2022-10-18 00:00:00+00:00,0.0
2022-10-19 00:00:00+00:00,0.0
2022-10-20 00:00:00+00:00,0.0
2022-10-21 00:00:00+00:00,0.0
2022-10-22 00:00:00+00:00,0.0
2022-10-23 00:00:00+00:00,0.0
2022-10-24 00:00:00+00:00,0.0
2022-10-25 00:00:00+00:00,0.025629615847693632
2022-10-26 00:00:00+00:00,0.01766285616980201
2022-10-27 00:00:00+00:00,-0.029777816114806677
2022-10-28 00:00:00+00:00,-0.006215407660487893
2022-10-29 00:00:00+00:00,-0.004098264807479546
2022-10-30 00:00:00+00:00,-0.03313719014603145
2022-10-31 00:00:00+00:00,0.0
2022-11-01 00:00:00+00:00,0.0
2022-11-02 00:00:00+00:00,0.0
2022-11-03 00:00:00+00:00,0.0
2022-11-04 00:00:00+00:00,0.0
2022-11-05 00:00:00+00:00,0.09859003138189548
2022-11-06 00:00:00+00:00,-0.1091305617148084
2022-11-07 00:00:00+00:00,0.0
2022-11-08 00:00:00+00:00,0.0
2022-11-09 00:00:00+00:00,0.0
2022-11-10 00:00:00+00:00,0.0
2022-11-11 00:00:00+00:00,0.0
2022-11-12 00:00:00+00:00,0.0
2022-11-13 00:00:00+00:00,0.0
2022-11-14 00:00:00+00:00,0.0
2022-11-15 00:00:00+00:00,0.0
2022-11-16 00:00:00+00:00,0.0
2022-11-17 00:00:00+00:00,0.0
2022-11-18 00:00:00+00:00,0.0
2022-11-19 00:00:00+00:00,0.0
2022-11-20 00:00:00+00:00,0.0
2022-11-21 00:00:00+00:00,0.0
2022-11-22 00:00:00+00:00,0.0
2022-11-23 00:00:00+00:00,0.04038820734223969
2022-11-24 00:00:00+00:00,0.020108936029027857
2022-11-25 00:00:00+00:00,-0.049989258800945624
2022-11-26 00:00:00+00:00,0.007371156271926083
2022-11-27 00:00:00+00:00,0.0
2022-11-28 00:00:00+00:00,0.0
2022-11-29 00:00:00+00:00,0.0
2022-11-30 00:00:00+00:00,0.0
2022-12-01 00:00:00+00:00,0.0
2022-12-02 00:00:00+00:00,0.0
2022-12-03 00:00:00+00:00,0.0
2022-12-04 00:00:00+00:00,0.0
2022-12-05 00:00:00+00:00,0.0
2022-12-06 00:00:00+00:00,0.0019062745148983318
2022-12-07 00:00:00+00:00,-0.05575441868028552
2022-12-08 00:00:00+00:00,0.0
2022-12-09 00:00:00+00:00,0.0
2022-12-10 00:00:00+00:00,0.0
2022-12-11 00:00:00+00:00,0.0
2022-12-12 00:00:00+00:00,0.0
2022-12-13 00:00:00+00:00,0.0
2022-12-14 00:00:00+00:00,0.009208961068297272
2022-12-15 00:00:00+00:00,-0.007710612162964647
2022-12-16 00:00:00+00:00,-0.02840687207151693
2022-12-17 00:00:00+00:00,0.0
2022-12-18 00:00:00+00:00,0.0
2022-12-19 00:00:00+00:00,0.0
2022-12-20 00:00:00+00:00,0.0
2022-12-21 00:00:00+00:00,0.0
2022-12-22 00:00:00+00:00,0.0
2022-12-23 00:00:00+00:00,0.0
2022-12-24 00:00:00+00:00,0.0
2022-12-25 00:00:00+00:00,0.0
2022-12-26 00:00:00+00:00,0.0
2022-12-27 00:00:00+00:00,0.0
2022-12-28 00:00:00+00:00,0.0
2022-12-29 00:00:00+00:00,0.0
2022-12-30 00:00:00+00:00,0.0
2022-12-31 00:00:00+00:00,0.0
2023-01-01 00:00:00+00:00,0.0
2023-01-02 00:00:00+00:00,-0.11389301083333325
2023-01-03 00:00:00+00:00,0.1522882138744941
2023-01-04 00:00:00+00:00,0.004679667531924281
2023-01-05 00:00:00+00:00,-0.0004613337174433907
2023-01-06 00:00:00+00:00,-0.045087183522063645
2023-01-07 00:00:00+00:00,0.0
2023-01-08 00:00:00+00:00,0.0
2023-01-09 00:00:00+00:00,0.16162869838647032
2023-01-10 00:00:00+00:00,-0.004715194587814886
2023-01-11 00:00:00+00:00,-0.06141103093119138
2023-01-12 00:00:00+00:00,0.0
2023-01-13 00:00:00+00:00,0.03884861180868948
2023-01-14 00:00:00+00:00,0.4330405297181452
2023-01-15 00:00:00+00:00,-0.07323740045574212
2023-01-16 00:00:00+00:00,0.03782406942568328
2023-01-17 00:00:00+00:00,-0.02794854161702287
2023-01-18 00:00:00+00:00,0.0
2023-01-19 00:00:00+00:00,0.0
2023-01-20 00:00:00+00:00,0.0
2023-01-21 00:00:00+00:00,-0.05554903475738415
2023-01-22 00:00:00+00:00,-0.01915751627902096
2023-01-23 00:00:00+00:00,-0.005801768450316769
2023-01-24 00:00:00+00:00,0.0
2023-01-25 00:00:00+00:00,0.0
2023-01-26 00:00:00+00:00,0.0
2023-01-27 00:00:00+00:00,0.0
2023-01-28 00:00:00+00:00,0.0
2023-01-29 00:00:00+00:00,0.024635777016668747
2023-01-30 00:00:00+00:00,-0.07917410667322489
2023-01-31 00:00:00+00:00,0.0
2023-02-01 00:00:00+00:00,0.0
2023-02-02 00:00:00+00:00,0.0
2023-02-03 00:00:00+00:00,0.0
2023-02-04 00:00:00+00:00,0.0
2023-02-05 00:00:00+00:00,0.0
2023-02-06 00:00:00+00:00,0.0
2023-02-07 00:00:00+00:00,0.0
2023-02-08 00:00:00+00:00,0.0
2023-02-09 00:00:00+00:00,0.0
2023-02-10 00:00:00+00:00,0.0
2023-02-11 00:00:00+00:00,0.0
2023-02-12 00:00:00+00:00,0.0
2023-02-13 00:00:00+00:00,0.0
2023-02-14 00:00:00+00:00,0.0
2023-02-15 00:00:00+00:00,0.07928870820975309
2023-02-16 00:00:00+00:00,-0.0874263210357189
2023-02-17 00:00:00+00:00,0.052416784751088796
2023-02-18 00:00:00+00:00,0.017003722105314756
2023-02-19 00:00:00+00:00,0.07655254982735249
2023-02-20 00:00:00+00:00,0.07435889201007262
2023-02-21 00:00:00+00:00,-0.07692625509175743
2023-02-22 00:00:00+00:00,0.0
2023-02-23 00:00:00+00:00,0.0
2023-02-24 00:00:00+00:00,0.0
2023-02-25 00:00:00+00:00,0.0
2023-02-26 00:00:00+00:00,0.0
2023-02-27 00:00:00+00:00,0.0
2023-02-28 00:00:00+00:00,0.0
2023-03-01 00:00:00+00:00,0.0
2023-03-02 00:00:00+00:00,0.0
2023-03-03 00:00:00+00:00,0.0
2023-03-04 00:00:00+00:00,0.0
2023-03-05 00:00:00+00:00,0.0
2023-03-06 00:00:00+00:00,0.0
2023-03-07 00:00:00+00:00,0.0
2023-03-08 00:00:00+00:00,0.0
2023-03-09 00:00:00+00:00,0.0
2023-03-10 00:00:00+00:00,0.0
2023-03-11 00:00:00+00:00,0.0
2023-03-12 00:00:00+00:00,0.0
2023-03-13 00:00:00+00:00,-0.0048861730238909384
2023-03-14 00:00:00+00:00,0.028331743591909264
2023-03-15 00:00:00+00:00,-0.06095957793758555
2023-03-16 00:00:00+00:00,0.0
2023-03-17 00:00:00+00:00,0.0
2023-03-18 00:00:00+00:00,0.0
2023-03-19 00:00:00+00:00,0.0
2023-03-20 00:00:00+00:00,-0.0381859460765932
2023-03-21 00:00:00+00:00,-0.010949031229744444
2023-03-22 00:00:00+00:00,0.0
2023-03-23 00:00:00+00:00,0.0
2023-03-24 00:00:00+00:00,0.0
2023-03-25 00:00:00+00:00,0.0
2023-03-26 00:00:00+00:00,0.0
2023-03-27 00:00:00+00:00,0.0
2023-03-28 00:00:00+00:00,0.0
2023-03-29 00:00:00+00:00,0.0
2023-03-30 00:00:00+00:00,0.0
2023-03-31 00:00:00+00:00,0.0
2023-04-01 00:00:00+00:00,0.0
2023-04-02 00:00:00+00:00,0.0
2023-04-03 00:00:00+00:00,0.0
2023-04-04 00:00:00+00:00,0.0
2023-04-05 00:00:00+00:00,0.0
2023-04-06 00:00:00+00:00,0.0
2023-04-07 00:00:00+00:00,0.0
2023-04-08 00:00:00+00:00,0.0
2023-04-09 00:00:00+00:00,0.0
2023-04-10 00:00:00+00:00,0.0
2023-04-11 00:00:00+00:00,0.032630120759547854
2023-04-12 00:00:00+00:00,0.04607158181707449
2023-04-13 00:00:00+00:00,0.03336315010279134
2023-04-14 00:00:00+00:00,-0.032647112783788956
2023-04-15 00:00:00+00:00,0.0
2023-04-16 00:00:00+00:00,0.0
2023-04-17 00:00:00+00:00,0.0
2023-04-18 00:00:00+00:00,0.0
2023-04-19 00:00:00+00:00,0.0
2023-04-20 00:00:00+00:00,0.0
2023-04-21 00:00:00+00:00,0.0
2023-04-22 00:00:00+00:00,0.0
2023-04-23 00:00:00+00:00,0.0
2023-04-24 00:00:00+00:00,0.0
2023-04-25 00:00:00+00:00,0.0
2023-04-26 00:00:00+00:00,0.0
2023-04-27 00:00:00+00:00,0.0
2023-04-28 00:00:00+00:00,0.017829722045563656
2023-04-29 00:00:00+00:00,-0.008985203464410896
2023-04-30 00:00:00+00:00,-0.014488158939047868
2023-05-01 00:00:00+00:00,0.0
2023-05-02 00:00:00+00:00,0.0
2023-05-03 00:00:00+00:00,0.0
2023-05-04 00:00:00+00:00,0.0
2023-05-05 00:00:00+00:00,0.0
2023-05-06 00:00:00+00:00,0.0
2023-05-07 00:00:00+00:00,0.0
2023-05-08 00:00:00+00:00,0.0
2023-05-09 00:00:00+00:00,0.0
2023-05-10 00:00:00+00:00,0.0
2023-05-11 00:00:00+00:00,0.0
2023-05-12 00:00:00+00:00,0.0
2023-05-13 00:00:00+00:00,0.0
2023-05-14 00:00:00+00:00,-0.01809090952721326
2023-05-15 00:00:00+00:00,-0.015281820923126688
2023-05-16 00:00:00+00:00,0.0
2023-05-17 00:00:00+00:00,0.0
2023-05-18 00:00:00+00:00,0.0
2023-05-19 00:00:00+00:00,0.0
2023-05-20 00:00:00+00:00,0.0
2023-05-21 00:00:00+00:00,0.0
2023-05-22 00:00:00+00:00,0.0
2023-05-23 00:00:00+00:00,0.0
2023-05-24 00:00:00+00:00,0.0
2023-05-25 00:00:00+00:00,0.0
2023-05-26 00:00:00+00:00,0.0
2023-05-27 00:00:00+00:00,0.022479786023883452
2023-05-28 00:00:00+00:00,0.02420791717098969
2023-05-29 00:00:00+00:00,-0.014326479423037553
2023-05-30 00:00:00+00:00,0.042483293924039156
2023-05-31 00:00:00+00:00,-0.042442864452488016
2023-06-01 00:00:00+00:00,0.0
2023-06-02 00:00:00+00:00,0.0
2023-06-03 00:00:00+00:00,-0.006823829487231703
2023-06-04 00:00:00+00:00,0.038929227221281115
2023-06-05 00:00:00+00:00,-0.0322447528353742
2023-06-06 00:00:00+00:00,0.0
2023-06-07 00:00:00+00:00,0.0
2023-06-08 00:00:00+00:00,0.0
2023-06-09 00:00:00+00:00,0.0
2023-06-10 00:00:00+00:00,0.0
2023-06-11 00:00:00+00:00,0.0
2023-06-12 00:00:00+00:00,0.0
2023-06-13 00:00:00+00:00,0.0
2023-06-14 00:00:00+00:00,0.0
2023-06-15 00:00:00+00:00,0.0
2023-06-16 00:00:00+00:00,0.0
2023-06-17 00:00:00+00:00,0.0
2023-06-18 00:00:00+00:00,0.0
2023-06-19 00:00:00+00:00,0.007615644120664955
2023-06-20 00:00:00+00:00,0.04317939446731267
2023-06-21 00:00:00+00:00,0.045964065091263384
2023-06-22 00:00:00+00:00,-0.045837766993435114
2023-06-23 00:00:00+00:00,-0.00495565770622064
2023-06-24 00:00:00+00:00,0.0
2023-06-25 00:00:00+00:00,0.0
2023-06-26 00:00:00+00:00,0.0
2023-06-27 00:00:00+00:00,0.0
2023-06-28 00:00:00+00:00,0.0
2023-06-29 00:00:00+00:00,0.0
2023-06-30 00:00:00+00:00,0.046778117390161356
2023-07-01 00:00:00+00:00,-0.011008408692119831
2023-07-02 00:00:00+00:00,0.05287461771510804
2023-07-03 00:00:00+00:00,-0.013001726602827723
2023-07-04 00:00:00+00:00,-0.008914995208606502
2023-07-05 00:00:00+00:00,-0.001536771302595552
2023-07-06 00:00:00+00:00,-0.07484751736552842
2023-07-07 00:00:00+00:00,-0.015662159782174556
2023-07-08 00:00:00+00:00,-0.012485770461632018
2023-07-09 00:00:00+00:00,-0.04397941927458593
2023-07-10 00:00:00+00:00,0.0
2023-07-11 00:00:00+00:00,0.0
2023-07-12 00:00:00+00:00,-0.0318726225999072
2023-07-13 00:00:00+00:00,-0.018155301941761404
2023-07-14 00:00:00+00:00,0.0
2023-07-15 00:00:00+00:00,0.0
2023-07-16 00:00:00+00:00,0.0
2023-07-17 00:00:00+00:00,0.0
2023-07-18 00:00:00+00:00,0.0
2023-07-19 00:00:00+00:00,0.0
2023-07-20 00:00:00+00:00,0.0
2023-07-21 00:00:00+00:00,0.0
2023-07-22 00:00:00+00:00,0.0
2023-07-23 00:00:00+00:00,0.0
2023-07-24 00:00:00+00:00,0.0
2023-07-25 00:00:00+00:00,0.0
2023-07-26 00:00:00+00:00,0.0
2023-07-27 00:00:00+00:00,0.0
2023-07-28 00:00:00+00:00,0.0
2023-07-29 00:00:00+00:00,0.0
2023-07-30 00:00:00+00:00,0.0
2023-07-31 00:00:00+00:00,0.0
2023-08-01 00:00:00+00:00,0.0
2023-08-02 00:00:00+00:00,0.0
2023-08-03 00:00:00+00:00,0.0
2023-08-04 00:00:00+00:00,0.0
2023-08-05 00:00:00+00:00,0.0
2023-08-06 00:00:00+00:00,0.0
2023-08-07 00:00:00+00:00,0.0
2023-08-08 00:00:00+00:00,0.03588626157281172
2023-08-09 00:00:00+00:00,0.008881110341073084
2023-08-10 00:00:00+00:00,0.01232355365336435
2023-08-11 00:00:00+00:00,-0.013169251861952946
2023-08-12 00:00:00+00:00,0.0036143067800107342
2023-08-13 00:00:00+00:00,-0.018472338060236848
2023-08-14 00:00:00+00:00,0.009565569019078568
2023-08-15 00:00:00+00:00,-0.025783809248934197
2023-08-16 00:00:00+00:00,0.0
2023-08-17 00:00:00+00:00,0.0
2023-08-18 00:00:00+00:00,0.0
2023-08-19 00:00:00+00:00,0.0
2023-08-20 00:00:00+00:00,0.0
2023-08-21 00:00:00+00:00,0.0
2023-08-22 00:00:00+00:00,0.0
2023-08-23 00:00:00+00:00,0.0
2023-08-24 00:00:00+00:00,0.0
2023-08-25 00:00:00+00:00,0.0
2023-08-26 00:00:00+00:00,0.0
2023-08-27 00:00:00+00:00,0.0
2023-08-28 00:00:00+00:00,0.0
2023-08-29 00:00:00+00:00,-0.011409405608766465
2023-08-30 00:00:00+00:00,-0.058679644383048846
2023-08-31 00:00:00+00:00,0.0
2023-09-01 00:00:00+00:00,0.0
2023-09-02 00:00:00+00:00,0.0
2023-09-03 00:00:00+00:00,0.0
2023-09-04 00:00:00+00:00,0.0
2023-09-05 00:00:00+00:00,0.0
2023-09-06 00:00:00+00:00,0.0
2023-09-07 00:00:00+00:00,0.0
2023-09-08 00:00:00+00:00,0.0
2023-09-09 00:00:00+00:00,0.0
2023-09-10 00:00:00+00:00,0.0
2023-09-11 00:00:00+00:00,0.0
2023-09-12 00:00:00+00:00,0.0
2023-09-13 00:00:00+00:00,0.0
2023-09-14 00:00:00+00:00,0.0
2023-09-15 00:00:00+00:00,-0.018558887256482026
2023-09-16 00:00:00+00:00,-0.0018214869019745894
2023-09-17 00:00:00+00:00,-0.019506940414403484
2023-09-18 00:00:00+00:00,-0.015302427669172447
2023-09-19 00:00:00+00:00,0.025146757500228878
2023-09-20 00:00:00+00:00,0.016974006576604195
2023-09-21 00:00:00+00:00,-0.03403589340410107
2023-09-22 00:00:00+00:00,0.0
2023-09-23 00:00:00+00:00,0.0
2023-09-24 00:00:00+00:00,0.0
2023-09-25 00:00:00+00:00,0.0
2023-09-26 00:00:00+00:00,0.0
2023-09-27 00:00:00+00:00,0.0
2023-09-28 00:00:00+00:00,0.0
2023-09-29 00:00:00+00:00,0.002021400240269866
2023-09-30 00:00:00+00:00,0.07032219712747412
2023-10-01 00:00:00+00:00,0.1548346266165579
2023-10-02 00:00:00+00:00,-0.027990049497518488
2023-10-03 00:00:00+00:00,0.012496623633963866
2023-10-04 00:00:00+00:00,-0.028577822599159752
2023-10-05 00:00:00+00:00,0.0
2023-10-06 00:00:00+00:00,0.0
2023-10-07 00:00:00+00:00,0.0
2023-10-08 00:00:00+00:00,0.0
2023-10-09 00:00:00+00:00,0.0
2023-10-10 00:00:00+00:00,0.0
2023-10-11 00:00:00+00:00,0.0
2023-10-12 00:00:00+00:00,0.0
2023-10-13 00:00:00+00:00,0.0
2023-10-14 00:00:00+00:00,0.0
2023-10-15 00:00:00+00:00,0.0
2023-10-16 00:00:00+00:00,0.08596801555570721
2023-10-17 00:00:00+00:00,-0.0013148117546930571
2023-10-18 00:00:00+00:00,-0.028158787400735963
2023-10-19 00:00:00+00:00,-0.0018224637032225877
2023-10-20 00:00:00+00:00,0.0859238158986686
2023-10-21 00:00:00+00:00,0.1117197270963779
2023-10-22 00:00:00+00:00,-0.012683401017343554
2023-10-23 00:00:00+00:00,0.12849720011359134
2023-10-24 00:00:00+00:00,-0.09566700675797146
2023-10-25 00:00:00+00:00,0.0
2023-10-26 00:00:00+00:00,0.0
2023-10-27 00:00:00+00:00,0.0
2023-10-28 00:00:00+00:00,0.0
2023-10-29 00:00:00+00:00,0.0
2023-10-30 00:00:00+00:00,0.010483270196672834
2023-10-31 00:00:00+00:00,0.12982451626136715
2023-11-01 00:00:00+00:00,0.09634870049854993
2023-11-02 00:00:00+00:00,-0.03748052823308223
2023-11-03 00:00:00+00:00,0.0
2023-11-04 00:00:00+00:00,0.0
2023-11-05 00:00:00+00:00,0.0
2023-11-06 00:00:00+00:00,0.0
2023-11-07 00:00:00+00:00,0.0
2023-11-08 00:00:00+00:00,0.0
2023-11-09 00:00:00+00:00,0.03049157418871995
2023-11-10 00:00:00+00:00,0.33783869556766777
2023-11-11 00:00:00+00:00,-0.0318753899302453
2023-11-12 00:00:00+00:00,0.0
2023-11-13 00:00:00+00:00,0.0
2023-11-14 00:00:00+00:00,0.0
2023-11-15 00:00:00+00:00,0.0
2023-11-16 00:00:00+00:00,-0.1351759396874075
2023-11-17 00:00:00+00:00,0.0
2023-11-18 00:00:00+00:00,0.0
2023-11-19 00:00:00+00:00,0.0
2023-11-20 00:00:00+00:00,0.0
2023-11-21 00:00:00+00:00,0.0
2023-11-22 00:00:00+00:00,0.0
2023-11-23 00:00:00+00:00,0.0
2023-11-24 00:00:00+00:00,0.0
2023-11-25 00:00:00+00:00,0.0
2023-11-26 00:00:00+00:00,0.0
2023-11-27 00:00:00+00:00,0.0
2023-11-28 00:00:00+00:00,0.0
2023-11-29 00:00:00+00:00,0.0
2023-11-30 00:00:00+00:00,-0.05097040766714478
2023-12-01 00:00:00+00:00,0.010995994024533662
2023-12-02 00:00:00+00:00,0.0862627752163545
2023-12-03 00:00:00+00:00,-0.015079108962817278
2023-12-04 00:00:00+00:00,-0.043748174342095325
2023-12-05 00:00:00+00:00,0.0
2023-12-06 00:00:00+00:00,0.0
2023-12-07 00:00:00+00:00,0.03256709003715019
2023-12-08 00:00:00+00:00,0.1389885736654506
2023-12-09 00:00:00+00:00,-0.04551021246962783
2023-12-10 00:00:00+00:00,0.04544162204983393
2023-12-11 00:00:00+00:00,-0.04417554564620296
2023-12-12 00:00:00+00:00,0.0
2023-12-13 00:00:00+00:00,0.0
2023-12-14 00:00:00+00:00,0.0
2023-12-15 00:00:00+00:00,-0.08140572375530586
2023-12-16 00:00:00+00:00,0.01318802185055823
2023-12-17 00:00:00+00:00,0.0
2023-12-18 00:00:00+00:00,0.0
2023-12-19 00:00:00+00:00,0.0
2023-12-20 00:00:00+00:00,0.05325345823605643
2023-12-21 00:00:00+00:00,0.18553510429425035
2023-12-22 00:00:00+00:00,0.05498211230265859
2023-12-23 00:00:00+00:00,0.13337700441196865
2023-12-24 00:00:00+00:00,0.054563979697362264
2023-12-25 00:00:00+00:00,0.09713944992884627
2023-12-26 00:00:00+00:00,-0.1108805311714659
2023-12-27 00:00:00+00:00,0.0
2023-12-28 00:00:00+00:00,0.0
2023-12-29 00:00:00+00:00,0.0
2023-12-30 00:00:00+00:00,0.0
2023-12-31 00:00:00+00:00,0.0
2024-01-01 00:00:00+00:00,0.0
2024-01-02 00:00:00+00:00,-0.08733252770642641
2024-01-03 00:00:00+00:00,-0.00378523301072331
2024-01-04 00:00:00+00:00,0.0
2024-01-05 00:00:00+00:00,0.0
2024-01-06 00:00:00+00:00,0.0
2024-01-07 00:00:00+00:00,0.0
2024-01-08 00:00:00+00:00,0.0
2024-01-09 00:00:00+00:00,0.0
2024-01-10 00:00:00+00:00,-0.037960310317102675
2024-01-11 00:00:00+00:00,-0.028056182130203333
2024-01-12 00:00:00+00:00,-0.011789464324783117
2024-01-13 00:00:00+00:00,0.0
2024-01-14 00:00:00+00:00,0.0
2024-01-15 00:00:00+00:00,0.0
2024-01-16 00:00:00+00:00,0.0
2024-01-17 00:00:00+00:00,-0.000789898988255433
2024-01-18 00:00:00+00:00,-0.05836229494729095
2024-01-19 00:00:00+00:00,0.0
2024-01-20 00:00:00+00:00,0.0
2024-01-21 00:00:00+00:00,0.0
2024-01-22 00:00:00+00:00,0.0
2024-01-23 00:00:00+00:00,0.0
2024-01-24 00:00:00+00:00,0.0
2024-01-25 00:00:00+00:00,0.0
2024-01-26 00:00:00+00:00,-0.01586909442896156
2024-01-27 00:00:00+00:00,0.027968036462390877
2024-01-28 00:00:00+00:00,0.023282392790779927
2024-01-29 00:00:00+00:00,0.07743005540069992
2024-01-30 00:00:00+00:00,-0.0038763798342014155
2024-01-31 00:00:00+00:00,-0.02774019294628427
2024-02-01 00:00:00+00:00,0.0
2024-02-02 00:00:00+00:00,0.0
2024-02-03 00:00:00+00:00,0.0
2024-02-04 00:00:00+00:00,0.0
2024-02-05 00:00:00+00:00,0.0
2024-02-06 00:00:00+00:00,0.0
2024-02-07 00:00:00+00:00,0.0
2024-02-08 00:00:00+00:00,0.005851660542299353
2024-02-09 00:00:00+00:00,0.05252679947082761
2024-02-10 00:00:00+00:00,0.02511457879231127
2024-02-11 00:00:00+00:00,-0.018519336287531662
2024-02-12 00:00:00+00:00,-0.016358088515876834
2024-02-13 00:00:00+00:00,-0.0601838455539474
2024-02-14 00:00:00+00:00,0.0
2024-02-15 00:00:00+00:00,-0.054721247931026284
2024-02-16 00:00:00+00:00,0.0
2024-02-17 00:00:00+00:00,0.0
2024-02-18 00:00:00+00:00,0.0
2024-02-19 00:00:00+00:00,0.0
2024-02-20 00:00:00+00:00,0.0
2024-02-21 00:00:00+00:00,0.0
2024-02-22 00:00:00+00:00,0.0
2024-02-23 00:00:00+00:00,0.0
2024-02-24 00:00:00+00:00,0.0
2024-02-25 00:00:00+00:00,0.0
2024-02-26 00:00:00+00:00,0.010487040451006902
2024-02-27 00:00:00+00:00,-0.01877400800978768
2024-02-28 00:00:00+00:00,0.12916934133715108
2024-02-29 00:00:00+00:00,0.07122662650980738
2024-03-01 00:00:00+00:00,0.037262718410467244
2024-03-02 00:00:00+00:00,0.006655394099638778
2024-03-03 00:00:00+00:00,-0.019948307449651703
2024-03-04 00:00:00+00:00,0.0
2024-03-05 00:00:00+00:00,-0.09316209123161501
2024-03-06 00:00:00+00:00,0.0
2024-03-07 00:00:00+00:00,0.01943537459921396
2024-03-08 00:00:00+00:00,0.007522517657045702
2024-03-09 00:00:00+00:00,-0.004710686063374214
2024-03-10 00:00:00+00:00,0.0054342591262686035
2024-03-11 00:00:00+00:00,0.0
2024-03-12 00:00:00+00:00,0.0
2024-03-13 00:00:00+00:00,0.07886798243417426
2024-03-14 00:00:00+00:00,0.0949929764826778
2024-03-15 00:00:00+00:00,0.057272526048132155
2024-03-16 00:00:00+00:00,-0.014909630033091092
2024-03-17 00:00:00+00:00,0.14270380484126988
2024-03-18 00:00:00+00:00,-0.03890150487685651
2024-03-19 00:00:00+00:00,-0.028746211321850623
2024-03-20 00:00:00+00:00,0.0
2024-03-21 00:00:00+00:00,0.0
2024-03-22 00:00:00+00:00,0.0
2024-03-23 00:00:00+00:00,0.0
2024-03-24 00:00:00+00:00,0.0
2024-03-25 00:00:00+00:00,-0.03700067862628598
2024-03-26 00:00:00+00:00,0.00986411238562157
2024-03-27 00:00:00+00:00,-0.037889553514893426
2024-03-28 00:00:00+00:00,0.0
2024-03-29 00:00:00+00:00,0.0
2024-03-30 00:00:00+00:00,-0.010236219859215412
2024-03-31 00:00:00+00:00,0.05539523137225855
2024-04-01 00:00:00+00:00,-0.05576094670646836
2024-04-02 00:00:00+00:00,0.0
2024-04-03 00:00:00+00:00,0.0
2024-04-04 00:00:00+00:00,0.0
2024-04-05 00:00:00+00:00,0.0
2024-04-06 00:00:00+00:00,0.0
2024-04-07 00:00:00+00:00,0.0
2024-04-08 00:00:00+00:00,0.0
2024-04-09 00:00:00+00:00,0.0
2024-04-10 00:00:00+00:00,0.0
2024-04-11 00:00:00+00:00,0.0
2024-04-12 00:00:00+00:00,0.0
2024-04-13 00:00:00+00:00,0.0
2024-04-14 00:00:00+00:00,0.0
2024-04-15 00:00:00+00:00,0.0
2024-04-16 00:00:00+00:00,0.0
2024-04-17 00:00:00+00:00,0.0
2024-04-18 00:00:00+00:00,0.0
2024-04-19 00:00:00+00:00,0.0
2024-04-20 00:00:00+00:00,0.0
2024-04-21 00:00:00+00:00,0.0
2024-04-22 00:00:00+00:00,0.03958887511659648
2024-04-23 00:00:00+00:00,-0.01826727853438126
2024-04-24 00:00:00+00:00,-0.01001428049788966
2024-04-25 00:00:00+00:00,0.0
2024-04-26 00:00:00+00:00,0.0
2024-04-27 00:00:00+00:00,0.0
2024-04-28 00:00:00+00:00,0.0
2024-04-29 00:00:00+00:00,0.0
2024-04-30 00:00:00+00:00,0.0
2024-05-01 00:00:00+00:00,0.0
2024-05-02 00:00:00+00:00,0.0
2024-05-03 00:00:00+00:00,-0.007349423151505885
2024-05-04 00:00:00+00:00,0.021379796756004987
2024-05-05 00:00:00+00:00,-0.0031134620991719597
2024-05-06 00:00:00+00:00,0.06341535228975048
2024-05-07 00:00:00+00:00,-0.03354469219733658
2024-05-08 00:00:00+00:00,0.0
2024-05-09 00:00:00+00:00,0.0
2024-05-10 00:00:00+00:00,0.0
2024-05-11 00:00:00+00:00,0.0
2024-05-12 00:00:00+00:00,0.0
2024-05-13 00:00:00+00:00,0.0
2024-05-14 00:00:00+00:00,0.0
2024-05-15 00:00:00+00:00,0.029259809903582346
2024-05-16 00:00:00+00:00,0.006958386299308783
2024-05-17 00:00:00+00:00,0.08231015656051643
2024-05-18 00:00:00+00:00,0.02266239765355471
2024-05-19 00:00:00+00:00,-0.036953738096082045
2024-05-20 00:00:00+00:00,0.05842749405175707
2024-05-21 00:00:00+00:00,-0.07425305411769245
2024-05-22 00:00:00+00:00,0.0
2024-05-23 00:00:00+00:00,0.0
2024-05-24 00:00:00+00:00,0.0
2024-05-25 00:00:00+00:00,0.0
2024-05-26 00:00:00+00:00,0.0
2024-05-27 00:00:00+00:00,0.0
2024-05-28 00:00:00+00:00,0.0
2024-05-29 00:00:00+00:00,0.0
2024-05-30 00:00:00+00:00,0.0
2024-05-31 00:00:00+00:00,0.0
2024-06-01 00:00:00+00:00,0.0
2024-06-02 00:00:00+00:00,0.0
2024-06-03 00:00:00+00:00,0.0
2024-06-04 00:00:00+00:00,0.0006338446276852316
2024-06-05 00:00:00+00:00,0.013321680766804844
2024-06-06 00:00:00+00:00,-0.03106511075172369
2024-06-07 00:00:00+00:00,0.0
2024-06-08 00:00:00+00:00,0.0
2024-06-09 00:00:00+00:00,0.0
2024-06-10 00:00:00+00:00,0.0
2024-06-11 00:00:00+00:00,0.0
2024-06-12 00:00:00+00:00,0.0
2024-06-13 00:00:00+00:00,0.0
2024-06-14 00:00:00+00:00,0.0
2024-06-15 00:00:00+00:00,0.0
2024-06-16 00:00:00+00:00,0.0
2024-06-17 00:00:00+00:00,0.0
2024-06-18 00:00:00+00:00,0.0
2024-06-19 00:00:00+00:00,0.0
2024-06-20 00:00:00+00:00,0.0
2024-06-21 00:00:00+00:00,0.0
2024-06-22 00:00:00+00:00,0.0
2024-06-23 00:00:00+00:00,0.0
2024-06-24 00:00:00+00:00,0.0
2024-06-25 00:00:00+00:00,0.0
2024-06-26 00:00:00+00:00,-0.023886190499945892
2024-06-27 00:00:00+00:00,0.12342354457297766
2024-06-28 00:00:00+00:00,-0.08069811656378723
2024-06-29 00:00:00+00:00,0.0
2024-06-30 00:00:00+00:00,0.0
2024-07-01 00:00:00+00:00,0.0
2024-07-02 00:00:00+00:00,0.03479967772206871
2024-07-03 00:00:00+00:00,-0.06454638873579466
2024-07-04 00:00:00+00:00,0.0
2024-07-05 00:00:00+00:00,0.0
2024-07-06 00:00:00+00:00,0.0
2024-07-07 00:00:00+00:00,0.0
2024-07-08 00:00:00+00:00,0.0
2024-07-09 00:00:00+00:00,0.0
2024-07-10 00:00:00+00:00,-0.015149182541106088
2024-07-11 00:00:00+00:00,-0.017232480569352004
2024-07-12 00:00:00+00:00,0.0
2024-07-13 00:00:00+00:00,0.0
2024-07-14 00:00:00+00:00,0.022628725973127928
2024-07-15 00:00:00+00:00,0.10340349121078618
2024-07-16 00:00:00+00:00,0.010145588404398387
2024-07-17 00:00:00+00:00,-0.04118002936418441
2024-07-18 00:00:00+00:00,0.014648472257132061
2024-07-19 00:00:00+00:00,-0.009960040552506877
2024-07-20 00:00:00+00:00,0.0343562891284257
2024-07-21 00:00:00+00:00,0.08130462710038433
2024-07-22 00:00:00+00:00,-0.03902117982535702
2024-07-23 00:00:00+00:00,-0.029051010519674847
2024-07-24 00:00:00+00:00,0.0
2024-07-25 00:00:00+00:00,0.0
2024-07-26 00:00:00+00:00,0.0
2024-07-27 00:00:00+00:00,-0.0013954529181601227
2024-07-28 00:00:00+00:00,0.007336808411122497
2024-07-29 00:00:00+00:00,-0.0019094505729860822
2024-07-30 00:00:00+00:00,0.0
2024-07-31 00:00:00+00:00,0.0
2024-08-01 00:00:00+00:00,0.0
2024-08-02 00:00:00+00:00,0.0
2024-08-03 00:00:00+00:00,0.0
2024-08-04 00:00:00+00:00,0.0
2024-08-05 00:00:00+00:00,0.0
2024-08-06 00:00:00+00:00,0.0
2024-08-07 00:00:00+00:00,0.0
2024-08-08 00:00:00+00:00,0.028633406692813335
2024-08-09 00:00:00+00:00,-0.05371290674292506
2024-08-10 00:00:00+00:00,-0.02938476932069023
2024-08-11 00:00:00+00:00,0.0
2024-08-12 00:00:00+00:00,0.0
2024-08-13 00:00:00+00:00,0.0
2024-08-14 00:00:00+00:00,0.0
2024-08-15 00:00:00+00:00,0.0
2024-08-16 00:00:00+00:00,0.0
2024-08-17 00:00:00+00:00,0.0
2024-08-18 00:00:00+00:00,0.0
2024-08-19 00:00:00+00:00,0.0
2024-08-20 00:00:00+00:00,0.0
2024-08-21 00:00:00+00:00,0.0
2024-08-22 00:00:00+00:00,0.0
2024-08-23 00:00:00+00:00,0.0435825584338454
2024-08-24 00:00:00+00:00,0.06356118504820518
2024-08-25 00:00:00+00:00,-0.014321651973019933
2024-08-26 00:00:00+00:00,-0.014740167724463404
2024-08-27 00:00:00+00:00,0.001962104352765115
2024-08-28 00:00:00+00:00,0.0
2024-08-29 00:00:00+00:00,0.0
2024-08-30 00:00:00+00:00,0.0
2024-08-31 00:00:00+00:00,0.0
2024-09-01 00:00:00+00:00,0.0
2024-09-02 00:00:00+00:00,0.0
2024-09-03 00:00:00+00:00,0.0
2024-09-04 00:00:00+00:00,0.0
2024-09-05 00:00:00+00:00,0.0
2024-09-06 00:00:00+00:00,0.0
2024-09-07 00:00:00+00:00,0.0
2024-09-08 00:00:00+00:00,0.0
2024-09-09 00:00:00+00:00,0.0014221745093798699
2024-09-10 00:00:00+00:00,0.0057594111852792285
2024-09-11 00:00:00+00:00,-0.04436800710461464
2024-09-12 00:00:00+00:00,0.0
2024-09-13 00:00:00+00:00,0.01513461786831738
2024-09-14 00:00:00+00:00,-0.016233517628772787
2024-09-15 00:00:00+00:00,-0.011540950170610742
2024-09-16 00:00:00+00:00,0.0
2024-09-17 00:00:00+00:00,0.0
2024-09-18 00:00:00+00:00,0.0
2024-09-19 00:00:00+00:00,0.03477775997100019
2024-09-20 00:00:00+00:00,0.03502869134218134
2024-09-21 00:00:00+00:00,0.024589663140382356
2024-09-22 00:00:00+00:00,-0.04153646797732624
2024-09-23 00:00:00+00:00,0.0
2024-09-24 00:00:00+00:00,0.0
2024-09-25 00:00:00+00:00,0.0
2024-09-26 00:00:00+00:00,0.020040841514944452
2024-09-27 00:00:00+00:00,0.017638833836957968
2024-09-28 00:00:00+00:00,-0.007982060796270507
2024-09-29 00:00:00+00:00,-0.011524898098256076
2024-09-30 00:00:00+00:00,0.0
2024-10-01 00:00:00+00:00,0.0
2024-10-02 00:00:00+00:00,0.0
2024-10-03 00:00:00+00:00,0.0
2024-10-04 00:00:00+00:00,0.0
2024-10-05 00:00:00+00:00,0.0
2024-10-06 00:00:00+00:00,0.0
2024-10-07 00:00:00+00:00,0.0
2024-10-08 00:00:00+00:00,0.0
2024-10-09 00:00:00+00:00,0.0
2024-10-10 00:00:00+00:00,0.0
2024-10-11 00:00:00+00:00,0.0
2024-10-12 00:00:00+00:00,0.0
2024-10-13 00:00:00+00:00,0.0023298060897267714
2024-10-14 00:00:00+00:00,0.08661899808385742
2024-10-15 00:00:00+00:00,-0.023085873774036814
2024-10-16 00:00:00+00:00,-0.003302035835379802
2024-10-17 00:00:00+00:00,-0.007493660373697475
2024-10-18 00:00:00+00:00,0.0
2024-10-19 00:00:00+00:00,0.014926765816347887
2024-10-20 00:00:00+00:00,0.06281689304685267
2024-10-21 00:00:00+00:00,-0.009291614894822331
2024-10-22 00:00:00+00:00,0.010729328661921222
2024-10-23 00:00:00+00:00,-0.024908655579087724
2024-10-24 00:00:00+00:00,0.021680458465751284
2024-10-25 00:00:00+00:00,-0.047413599296486475
2024-10-26 00:00:00+00:00,0.0
2024-10-27 00:00:00+00:00,0.0
2024-10-28 00:00:00+00:00,-0.004294909998658225
2024-10-29 00:00:00+00:00,0.008725783274916799
2024-10-30 00:00:00+00:00,-0.01985044916202028
2024-10-31 00:00:00+00:00,0.0
2024-11-01 00:00:00+00:00,0.0
2024-11-02 00:00:00+00:00,0.0
2024-11-03 00:00:00+00:00,0.0
2024-11-04 00:00:00+00:00,0.0
2024-11-05 00:00:00+00:00,0.0
2024-11-06 00:00:00+00:00,0.0216189019931734
2024-11-07 00:00:00+00:00,0.06902688154751391
2024-11-08 00:00:00+00:00,0.02287345092971571
2024-11-09 00:00:00+00:00,0.00021919019187133237
2024-11-10 00:00:00+00:00,0.06562937511004407
2024-11-11 00:00:00+00:00,0.0745740905820409
2024-11-12 00:00:00+00:00,-0.08220142813596476
2024-11-13 00:00:00+00:00,0.0
2024-11-14 00:00:00+00:00,0.0
2024-11-15 00:00:00+00:00,0.0
2024-11-16 00:00:00+00:00,0.0
2024-11-17 00:00:00+00:00,0.0772202402937745
2024-11-18 00:00:00+00:00,0.012184003765560059
2024-11-19 00:00:00+00:00,-0.029338083706631823
2024-11-20 00:00:00+00:00,0.0
2024-11-21 00:00:00+00:00,0.0
2024-11-22 00:00:00+00:00,-0.007667098486405566
2024-11-23 00:00:00+00:00,-0.010318022891496748
2024-11-24 00:00:00+00:00,-0.009832627429255836
2024-11-25 00:00:00+00:00,0.0
2024-11-26 00:00:00+00:00,0.0
2024-11-27 00:00:00+00:00,0.0
2024-11-28 00:00:00+00:00,0.0
2024-11-29 00:00:00+00:00,0.0
2024-11-30 00:00:00+00:00,0.0
2024-12-01 00:00:00+00:00,0.0
2024-12-02 00:00:00+00:00,0.0
2024-12-03 00:00:00+00:00,0.0
2024-12-04 00:00:00+00:00,0.0
2024-12-05 00:00:00+00:00,0.0
2024-12-06 00:00:00+00:00,-0.06952022299375094
2024-12-07 00:00:00+00:00,0.0
2024-12-08 00:00:00+00:00,0.0
2024-12-09 00:00:00+00:00,0.0
2024-12-10 00:00:00+00:00,0.0
2024-12-11 00:00:00+00:00,0.0
2024-12-12 00:00:00+00:00,0.0
2024-12-13 00:00:00+00:00,0.0
2024-12-14 00:00:00+00:00,0.0
2024-12-15 00:00:00+00:00,0.0
2024-12-16 00:00:00+00:00,0.0
2024-12-17 00:00:00+00:00,0.0
2024-12-18 00:00:00+00:00,0.0
2024-12-19 00:00:00+00:00,0.0
2024-12-20 00:00:00+00:00,0.0
2024-12-21 00:00:00+00:00,0.0
2024-12-22 00:00:00+00:00,0.0
2024-12-23 00:00:00+00:00,0.0
2024-12-24 00:00:00+00:00,0.0
2024-12-25 00:00:00+00:00,0.0
2024-12-26 00:00:00+00:00,0.0
2024-12-27 00:00:00+00:00,0.0
2024-12-28 00:00:00+00:00,0.0
2024-12-29 00:00:00+00:00,0.0
2024-12-30 00:00:00+00:00,0.0
2024-12-31 00:00:00+00:00,0.0
2025-01-01 00:00:00+00:00,0.0
2025-01-02 00:00:00+00:00,0.06449830383828958
2025-01-03 00:00:00+00:00,0.060535893795597095
2025-01-04 00:00:00+00:00,-0.00783397745804748
2025-01-05 00:00:00+00:00,-0.028613929332540144
2025-01-06 00:00:00+00:00,-0.012727616732110425
2025-01-07 00:00:00+00:00,-0.013920911805381797
2025-01-08 00:00:00+00:00,0.0
2025-01-09 00:00:00+00:00,0.0
2025-01-10 00:00:00+00:00,0.0
2025-01-11 00:00:00+00:00,0.0
2025-01-12 00:00:00+00:00,0.0
2025-01-13 00:00:00+00:00,0.0
2025-01-14 00:00:00+00:00,0.0
2025-01-15 00:00:00+00:00,0.06736305127584785
2025-01-16 00:00:00+00:00,0.03275278878860499
2025-01-17 00:00:00+00:00,0.05182168494997197
2025-01-18 00:00:00+00:00,0.2555111371362151
2025-01-19 00:00:00+00:00,-0.030993482160840857
2025-01-20 00:00:00+00:00,0.0
2025-01-21 00:00:00+00:00,0.0
2025-01-22 00:00:00+00:00,0.0
2025-01-23 00:00:00+00:00,0.0
2025-01-24 00:00:00+00:00,0.0
2025-01-25 00:00:00+00:00,0.0
2025-01-26 00:00:00+00:00,0.0
2025-01-27 00:00:00+00:00,0.0
2025-01-28 00:00:00+00:00,0.0
2025-01-29 00:00:00+00:00,0.0
2025-01-30 00:00:00+00:00,0.0
2025-01-31 00:00:00+00:00,0.0
2025-02-01 00:00:00+00:00,0.0
2025-02-02 00:00:00+00:00,0.0
2025-02-03 00:00:00+00:00,0.0
2025-02-04 00:00:00+00:00,0.0
2025-02-05 00:00:00+00:00,0.0
2025-02-06 00:00:00+00:00,0.0
2025-02-07 00:00:00+00:00,0.0
2025-02-08 00:00:00+00:00,0.0
2025-02-09 00:00:00+00:00,0.0
2025-02-10 00:00:00+00:00,0.0
2025-02-11 00:00:00+00:00,0.0
2025-02-12 00:00:00+00:00,0.0
2025-02-13 00:00:00+00:00,0.0
2025-02-14 00:00:00+00:00,0.0
2025-02-15 00:00:00+00:00,0.0
2025-02-16 00:00:00+00:00,0.0
2025-02-17 00:00:00+00:00,0.0
2025-02-18 00:00:00+00:00,0.0
2025-02-19 00:00:00+00:00,0.0
2025-02-20 00:00:00+00:00,0.0
2025-02-21 00:00:00+00:00,0.0
2025-02-22 00:00:00+00:00,0.0
2025-02-23 00:00:00+00:00,0.0
2025-02-24 00:00:00+00:00,0.0
2025-02-25 00:00:00+00:00,0.0
2025-02-26 00:00:00+00:00,0.0
2025-02-27 00:00:00+00:00,0.0
2025-02-28 00:00:00+00:00,0.0
2025-03-01 00:00:00+00:00,0.0
2025-03-02 00:00:00+00:00,0.19139061533395396
2025-03-03 00:00:00+00:00,-0.17047352278848005
2025-03-04 00:00:00+00:00,0.0
2025-03-05 00:00:00+00:00,0.0
2025-03-06 00:00:00+00:00,0.0
2025-03-07 00:00:00+00:00,0.0
2025-03-08 00:00:00+00:00,0.0
2025-03-09 00:00:00+00:00,0.0
2025-03-10 00:00:00+00:00,0.0
2025-03-11 00:00:00+00:00,0.0
2025-03-12 00:00:00+00:00,0.0
2025-03-13 00:00:00+00:00,0.0
2025-03-14 00:00:00+00:00,0.0
2025-03-15 00:00:00+00:00,0.00650057357794398
2025-03-16 00:00:00+00:00,-0.057916423625900104
2025-03-17 00:00:00+00:00,0.0
2025-03-18 00:00:00+00:00,0.0
2025-03-19 00:00:00+00:00,0.0
2025-03-20 00:00:00+00:00,0.0
2025-03-21 00:00:00+00:00,0.0
2025-03-22 00:00:00+00:00,0.0
2025-03-23 00:00:00+00:00,0.0
2025-03-24 00:00:00+00:00,0.052667896565819605
2025-03-25 00:00:00+00:00,0.024121486269068626
2025-03-26 00:00:00+00:00,-0.041030729682312916
2025-03-27 00:00:00+00:00,0.0
2025-03-28 00:00:00+00:00,0.0
2025-03-29 00:00:00+00:00,0.0
2025-03-30 00:00:00+00:00,0.0
2025-03-31 00:00:00+00:00,0.0
2025-04-01 00:00:00+00:00,0.0
2025-04-02 00:00:00+00:00,0.0
2025-04-03 00:00:00+00:00,0.0
2025-04-04 00:00:00+00:00,0.0
2025-04-05 00:00:00+00:00,0.0
2025-04-06 00:00:00+00:00,0.0
2025-04-07 00:00:00+00:00,0.0
2025-04-08 00:00:00+00:00,0.0
2025-04-09 00:00:00+00:00,0.0
2025-04-10 00:00:00+00:00,0.0
2025-04-11 00:00:00+00:00,0.0019250157382786348
2025-04-12 00:00:00+00:00,0.11706111272720165
2025-04-13 00:00:00+00:00,-0.038233111171027345
2025-04-14 00:00:00+00:00,0.009750485135336051
2025-04-15 00:00:00+00:00,-0.015699113700842315
2025-04-16 00:00:00+00:00,0.0
2025-04-17 00:00:00+00:00,0.0
2025-04-18 00:00:00+00:00,-0.014351193306366805
2025-04-19 00:00:00+00:00,0.05666843121524234
2025-04-20 00:00:00+00:00,-0.0384764953425516
2025-04-21 00:00:00+00:00,0.0
2025-04-22 00:00:00+00:00,0.029992995548803192
2025-04-23 00:00:00+00:00,0.02013071817227763
2025-04-24 00:00:00+00:00,0.011534926084092678
2025-04-25 00:00:00+00:00,-0.014305978446204293
2025-04-26 00:00:00+00:00,-0.003947643553295799
2025-04-27 00:00:00+00:00,0.0
2025-04-28 00:00:00+00:00,0.0
2025-04-29 00:00:00+00:00,0.0
2025-04-30 00:00:00+00:00,0.0
2025-05-01 00:00:00+00:00,0.0
2025-05-02 00:00:00+00:00,0.0
2025-05-03 00:00:00+00:00,0.0
2025-05-04 00:00:00+00:00,0.0
2025-05-05 00:00:00+00:00,0.0
2025-05-06 00:00:00+00:00,0.0
2025-05-07 00:00:00+00:00,0.0
2025-05-08 00:00:00+00:00,0.11199619674466987
2025-05-09 00:00:00+00:00,0.06552122349738143
2025-05-10 00:00:00+00:00,0.03859537202759045
2025-05-11 00:00:00+00:00,-0.03498044462711136
2025-05-12 00:00:00+00:00,-0.008389861586994174
2025-05-13 00:00:00+00:00,0.020289628596059206
2025-05-14 00:00:00+00:00,-0.061404510867448026
2025-05-15 00:00:00+00:00,0.0
2025-05-16 00:00:00+00:00,0.0
2025-05-17 00:00:00+00:00,0.0
2025-05-18 00:00:00+00:00,0.0
2025-05-19 00:00:00+00:00,0.0
2025-05-20 00:00:00+00:00,0.0
2025-05-21 00:00:00+00:00,0.0
2025-05-22 00:00:00+00:00,0.02856131586519628
2025-05-23 00:00:00+00:00,-0.03919638938730918
2025-05-24 00:00:00+00:00,0.0
2025-05-25 00:00:00+00:00,0.0
2025-05-26 00:00:00+00:00,0.0
2025-05-27 00:00:00+00:00,0.0
2025-05-28 00:00:00+00:00,0.0
2025-05-29 00:00:00+00:00,0.0
2025-05-30 00:00:00+00:00,0.0
2025-05-31 00:00:00+00:00,0.0
2025-06-01 00:00:00+00:00,0.0
2025-06-02 00:00:00+00:00,0.0
2025-06-03 00:00:00+00:00,0.0
2025-06-04 00:00:00+00:00,0.0
2025-06-05 00:00:00+00:00,0.0
2025-06-06 00:00:00+00:00,0.0
2025-06-07 00:00:00+00:00,0.0
2025-06-08 00:00:00+00:00,0.0
2025-06-09 00:00:00+00:00,0.028233473411546584
2025-06-10 00:00:00+00:00,0.03177808746713717
2025-06-11 00:00:00+00:00,-0.0328679123091542
2025-06-12 00:00:00+00:00,-0.018178088472981302
2025-06-13 00:00:00+00:00,0.0
2025-06-14 00:00:00+00:00,0.0
2025-06-15 00:00:00+00:00,0.0
2025-06-16 00:00:00+00:00,0.0
2025-06-17 00:00:00+00:00,0.0
2025-06-18 00:00:00+00:00,0.0
2025-06-19 00:00:00+00:00,0.0
2025-06-20 00:00:00+00:00,0.0
2025-06-21 00:00:00+00:00,0.0
2025-06-22 00:00:00+00:00,0.0
2025-06-23 00:00:00+00:00,0.0
2025-06-24 00:00:00+00:00,0.0
2025-06-25 00:00:00+00:00,0.0
2025-06-26 00:00:00+00:00,0.0
2025-06-27 00:00:00+00:00,0.0
2025-06-28 00:00:00+00:00,0.0
2025-06-29 00:00:00+00:00,0.009257705744323497
2025-06-30 00:00:00+00:00,0.012830791792419971
2025-07-01 00:00:00+00:00,-0.04592266828263314
2025-07-02 00:00:00+00:00,0.0
2025-07-03 00:00:00+00:00,0.0
2025-07-04 00:00:00+00:00,0.0
2025-07-05 00:00:00+00:00,0.0
2025-07-06 00:00:00+00:00,0.0
2025-07-07 00:00:00+00:00,0.0
2025-07-08 00:00:00+00:00,0.0
2025-07-09 00:00:00+00:00,0.022714373226715656
2025-07-10 00:00:00+00:00,0.060617525762340696
2025-07-11 00:00:00+00:00,-0.011261157132131716
2025-07-12 00:00:00+00:00,-0.028675374962440325
2025-07-13 00:00:00+00:00,0.0
2025-07-14 00:00:00+00:00,0.0
2025-07-15 00:00:00+00:00,0.0
2025-07-16 00:00:00+00:00,0.0
2025-07-17 00:00:00+00:00,0.0026779861606276434
2025-07-18 00:00:00+00:00,0.009764569495039455
2025-07-19 00:00:00+00:00,-0.01556429103687651
2025-07-20 00:00:00+00:00,0.0
2025-07-21 00:00:00+00:00,0.08029151437244364
2025-07-22 00:00:00+00:00,0.06620283148909656
2025-07-23 00:00:00+00:00,-0.10216192289548531
2025-07-24 00:00:00+00:00,0.0
2025-07-25 00:00:00+00:00,0.0
2025-07-26 00:00:00+00:00,0.0
2025-07-27 00:00:00+00:00,0.0
2025-07-28 00:00:00+00:00,0.0
2025-07-29 00:00:00+00:00,0.0
2025-07-30 00:00:00+00:00,0.0
2025-07-31 00:00:00+00:00,0.0
2025-08-01 00:00:00+00:00,0.0
2025-08-02 00:00:00+00:00,0.0
2025-08-03 00:00:00+00:00,0.0
2025-08-04 00:00:00+00:00,0.0
2025-08-05 00:00:00+00:00,0.0
2025-08-06 00:00:00+00:00,0.0
2025-08-07 00:00:00+00:00,0.029446733217362686
2025-08-08 00:00:00+00:00,0.010149115225456917
2025-08-09 00:00:00+00:00,0.02319713304914406
2025-08-10 00:00:00+00:00,0.01942106738421545
2025-08-11 00:00:00+00:00,-0.02188168866151141
2025-08-12 00:00:00+00:00,0.0
2025-08-13 00:00:00+00:00,0.013736636204696007
2025-08-14 00:00:00+00:00,-0.08581010732591832
2025-08-15 00:00:00+00:00,0.0
2025-08-16 00:00:00+00:00,0.0
2025-08-17 00:00:00+00:00,0.0
2025-08-18 00:00:00+00:00,0.0
2025-08-19 00:00:00+00:00,0.0
2025-08-20 00:00:00+00:00,0.0
2025-08-21 00:00:00+00:00,0.0
2025-08-22 00:00:00+00:00,0.038603558709135344
2025-08-23 00:00:00+00:00,0.023345866435134477
2025-08-24 00:00:00+00:00,0.011081460637617724
2025-08-25 00:00:00+00:00,-0.048248490121234666
2025-08-26 00:00:00+00:00,0.0
2025-08-27 00:00:00+00:00,0.0
2025-08-28 00:00:00+00:00,0.011502669794119624
2025-08-29 00:00:00+00:00,-0.06977183924376151
2025-08-30 00:00:00+00:00,0.0
2025-08-31 00:00:00+00:00,0.0
2025-09-01 00:00:00+00:00,0.0
2025-09-02 00:00:00+00:00,0.0
2025-09-03 00:00:00+00:00,0.0
2025-09-04 00:00:00+00:00,0.0
2025-09-05 00:00:00+00:00,0.0
2025-09-06 00:00:00+00:00,0.0
2025-09-07 00:00:00+00:00,0.0
2025-09-08 00:00:00+00:00,-0.0022673824151224764
2025-09-09 00:00:00+00:00,0.018570783003721614
2025-09-10 00:00:00+00:00,0.04122427614786095
2025-09-11 00:00:00+00:00,0.027018269493509717
2025-09-12 00:00:00+00:00,0.0767932320812672
2025-09-13 00:00:00+00:00,0.0009698544478551341
2025-09-14 00:00:00+00:00,-0.014176906038201098
2025-09-15 00:00:00+00:00,0.0031506867632145052
2025-09-16 00:00:00+00:00,0.0
2025-09-17 00:00:00+00:00,0.0
2025-09-18 00:00:00+00:00,-0.004019576268293967
2025-09-19 00:00:00+00:00,-0.037498377667005256
2025-09-20 00:00:00+00:00,0.0
2025-09-21 00:00:00+00:00,0.0
2025-09-22 00:00:00+00:00,0.0
2025-09-23 00:00:00+00:00,0.0
2025-09-24 00:00:00+00:00,0.0
2025-09-25 00:00:00+00:00,0.0
2025-09-26 00:00:00+00:00,0.0
2025-09-27 00:00:00+00:00,0.0
2025-09-28 00:00:00+00:00,0.0
2025-09-29 00:00:00+00:00,0.0
