iso_time,BTC Trend (default),ETH Trend (optimized),SOL Trend (optimized)
2023-01-17 00:00:00+00:00,100000.0,100000.0,100000.0
2023-01-18 00:00:00+00:00,98284.69183618814,96988.1731945373,100000.0
2023-01-19 00:00:00+00:00,98284.69183618814,96988.1731945373,100000.0
2023-01-20 00:00:00+00:00,98284.69183618814,96988.1731945373,100000.0
2023-01-21 00:00:00+00:00,99297.6848924524,93791.10317347999,94001.71168333174
2023-01-22 00:00:00+00:00,98891.19087414679,93816.42852407874,89039.87488330896
2023-01-23 00:00:00+00:00,100044.60339815011,93107.74274314418,89039.87488330896
2023-01-24 00:00:00+00:00,99392.2917817615,93107.74274314418,89039.87488330896
2023-01-25 00:00:00+00:00,98048.01255316693,93107.74274314418,89039.87488330896
2023-01-26 00:00:00+00:00,96952.80163415709,93107.74274314418,89039.87488330896
2023-01-27 00:00:00+00:00,96952.80163415709,93107.74274314418,89039.87488330896
2023-01-28 00:00:00+00:00,96952.80163415709,93107.74274314418,89039.87488330896
2023-01-29 00:00:00+00:00,97641.50290481525,93609.85086307883,93965.39538614468
2023-01-30 00:00:00+00:00,94564.32440671245,89445.47529091276,85971.61155138726
2023-01-31 00:00:00+00:00,94564.32440671245,89445.47529091276,85971.61155138726
2023-02-01 00:00:00+00:00,94564.32440671245,89445.47529091276,85971.61155138726
2023-02-02 00:00:00+00:00,91281.76581554343,85847.3786792767,85971.61155138726
2023-02-03 00:00:00+00:00,90276.89835041334,87383.63468109937,85971.61155138726
2023-02-04 00:00:00+00:00,90276.89835041334,87604.20155594706,85971.61155138726
2023-02-05 00:00:00+00:00,90276.89835041334,87178.11114508858,85971.61155138726
2023-02-06 00:00:00+00:00,90276.89835041334,87178.11114508858,85971.61155138726
2023-02-07 00:00:00+00:00,90276.89835041334,87178.11114508858,85971.61155138726
2023-02-08 00:00:00+00:00,90276.89835041334,87178.11114508858,85971.61155138726
2023-02-09 00:00:00+00:00,90276.89835041334,87178.11114508858,85971.61155138726
2023-02-10 00:00:00+00:00,90276.89835041334,87178.11114508858,85971.61155138726
2023-02-11 00:00:00+00:00,90276.89835041334,87178.11114508858,85971.61155138726
2023-02-12 00:00:00+00:00,90276.89835041334,87178.11114508858,85971.61155138726
2023-02-13 00:00:00+00:00,90276.89835041334,87178.11114508858,85971.61155138726
2023-02-14 00:00:00+00:00,90276.89835041334,87178.11114508858,85971.61155138726
2023-02-15 00:00:00+00:00,98808.3604563696,91541.83877213397,93328.29188801025
2023-02-16 00:00:00+00:00,94525.95338965883,88484.5776945461,84555.77125326334
2023-02-17 00:00:00+00:00,100062.33146689224,93000.9637318065,89329.35015190006
2023-02-18 00:00:00+00:00,100365.72375892587,92803.66205187645,90959.37303009583
2023-02-19 00:00:00+00:00,98857.8449285477,92318.10453398722,98452.9937448291
2023-02-20 00:00:00+00:00,98857.8449285477,92318.10453398722,106325.24252931388
2023-02-21 00:00:00+00:00,98857.8449285477,92318.10453398722,97526.36101955344
2023-02-22 00:00:00+00:00,98857.8449285477,92318.10453398722,97526.36101955344
2023-02-23 00:00:00+00:00,98857.8449285477,92318.10453398722,97526.36101955344
2023-02-24 00:00:00+00:00,98857.8449285477,92318.10453398722,97526.36101955344
2023-02-25 00:00:00+00:00,98857.8449285477,92318.10453398722,97526.36101955344
2023-02-26 00:00:00+00:00,98857.8449285477,92318.10453398722,97526.36101955344
2023-02-27 00:00:00+00:00,98857.8449285477,92318.10453398722,97526.36101955344
2023-02-28 00:00:00+00:00,98857.8449285477,92318.10453398722,97526.36101955344
2023-03-01 00:00:00+00:00,98857.8449285477,91962.86704804175,97526.36101955344
2023-03-02 00:00:00+00:00,98857.8449285477,89584.07461893572,97526.36101955344
2023-03-03 00:00:00+00:00,98857.8449285477,89584.07461893572,97526.36101955344
2023-03-04 00:00:00+00:00,98857.8449285477,89584.07461893572,97526.36101955344
2023-03-05 00:00:00+00:00,98857.8449285477,89584.07461893572,97526.36101955344
2023-03-06 00:00:00+00:00,98857.8449285477,89584.07461893572,97526.36101955344
2023-03-07 00:00:00+00:00,98857.8449285477,89584.07461893572,97526.36101955344
2023-03-08 00:00:00+00:00,98857.8449285477,89584.07461893572,97526.36101955344
2023-03-09 00:00:00+00:00,98857.8449285477,89584.07461893572,97526.36101955344
2023-03-10 00:00:00+00:00,98857.8449285477,89584.07461893572,97526.36101955344
2023-03-11 00:00:00+00:00,98857.8449285477,89584.07461893572,97526.36101955344
2023-03-12 00:00:00+00:00,98857.8449285477,88705.38362358413,97526.36101955344
2023-03-13 00:00:00+00:00,108248.1912441713,96612.51159557213,96998.46839677847
2023-03-14 00:00:00+00:00,111462.94407890039,98765.24203931128,99910.1200921316
2023-03-15 00:00:00+00:00,109109.37266756133,91779.87858197611,93354.63277584697
2023-03-16 00:00:00+00:00,113295.37335274521,91779.87858197611,93354.63277584697
2023-03-17 00:00:00+00:00,127533.25703289176,91779.87858197611,93354.63277584697
2023-03-18 00:00:00+00:00,124554.7952660141,89615.47717068317,93354.63277584697
2023-03-19 00:00:00+00:00,130937.52500005685,91272.89581436744,93354.63277584697
2023-03-20 00:00:00+00:00,129441.42086143319,89488.40555368942,89482.39831196333
2023-03-21 00:00:00+00:00,127473.54771763278,89488.40555368942,88420.93620440131
2023-03-22 00:00:00+00:00,123308.63484544888,89488.40555368942,88420.93620440131
2023-03-23 00:00:00+00:00,123308.63484544888,88328.17424886595,88420.93620440131
2023-03-24 00:00:00+00:00,123308.63484544888,83081.45657313454,88420.93620440131
2023-03-25 00:00:00+00:00,123308.63484544888,83081.45657313454,88420.93620440131
2023-03-26 00:00:00+00:00,123308.63484544888,83081.45657313454,88420.93620440131
2023-03-27 00:00:00+00:00,123308.63484544888,83081.45657313454,88420.93620440131
2023-03-28 00:00:00+00:00,123308.63484544888,83081.45657313454,88420.93620440131
2023-03-29 00:00:00+00:00,123308.63484544888,83081.45657313454,88420.93620440131
2023-03-30 00:00:00+00:00,120113.07346257134,81228.18607908582,88420.93620440131
2023-03-31 00:00:00+00:00,118541.99236090503,83137.34816495294,88420.93620440131
2023-04-01 00:00:00+00:00,118541.99236090503,83063.20786314539,88420.93620440131
2023-04-02 00:00:00+00:00,118541.99236090503,82219.27816077942,88420.93620440131
2023-04-03 00:00:00+00:00,118541.99236090503,82219.27816077942,88420.93620440131
2023-04-04 00:00:00+00:00,118541.99236090503,81746.36733190206,88420.93620440131
2023-04-05 00:00:00+00:00,118541.99236090503,84246.29099527923,88420.93620440131
2023-04-06 00:00:00+00:00,118541.99236090503,81205.13798513495,88420.93620440131
2023-04-07 00:00:00+00:00,118541.99236090503,81205.13798513495,88420.93620440131
2023-04-08 00:00:00+00:00,118541.99236090503,81205.13798513495,88420.93620440131
2023-04-09 00:00:00+00:00,118541.99236090503,81205.13798513495,88420.93620440131
2023-04-10 00:00:00+00:00,124298.2399949633,81205.13798513495,88420.93620440131
2023-04-11 00:00:00+00:00,127364.99090386379,81205.13798513495,91789.38126084639
2023-04-12 00:00:00+00:00,125636.86176071757,80648.71464214259,96319.69980984686
2023-04-13 00:00:00+00:00,128312.81973253589,86658.26714855741,99768.90622277977
2023-04-14 00:00:00+00:00,127280.77674675941,92296.98872403038,96252.8673258897
2023-04-15 00:00:00+00:00,127280.77674675941,91688.71873020989,96252.8673258897
2023-04-16 00:00:00+00:00,127280.77674675941,93533.89517766234,96252.8673258897
2023-04-17 00:00:00+00:00,127280.77674675941,91156.65046198224,96252.8673258897
2023-04-18 00:00:00+00:00,127280.77674675941,91156.65046198224,96252.8673258897
2023-04-19 00:00:00+00:00,127280.77674675941,91156.65046198224,96252.8673258897
2023-04-20 00:00:00+00:00,127280.77674675941,91156.65046198224,96252.8673258897
2023-04-21 00:00:00+00:00,127280.77674675941,91156.65046198224,96252.8673258897
2023-04-22 00:00:00+00:00,127280.77674675941,91156.65046198224,96252.8673258897
2023-04-23 00:00:00+00:00,127280.77674675941,91156.65046198224,96252.8673258897
2023-04-24 00:00:00+00:00,127280.77674675941,91156.65046198224,96252.8673258897
2023-04-25 00:00:00+00:00,127280.77674675941,91156.65046198224,96252.8673258897
2023-04-26 00:00:00+00:00,118768.32065667583,91156.65046198224,96252.8673258897
2023-04-27 00:00:00+00:00,118768.32065667583,91156.65046198224,96252.8673258897
2023-04-28 00:00:00+00:00,118768.32065667583,91156.65046198224,99424.76302963299
2023-04-29 00:00:00+00:00,118768.32065667583,91156.65046198224,98458.02851804452
2023-04-30 00:00:00+00:00,115637.3803533208,91156.65046198224,96916.0436346366
2023-05-01 00:00:00+00:00,115637.3803533208,91156.65046198224,96916.0436346366
2023-05-02 00:00:00+00:00,115637.3803533208,91156.65046198224,96916.0436346366
2023-05-03 00:00:00+00:00,115637.3803533208,91156.65046198224,96916.0436346366
2023-05-04 00:00:00+00:00,115637.3803533208,91156.65046198224,96916.0436346366
2023-05-05 00:00:00+00:00,115637.3803533208,95574.45096992819,96916.0436346366
2023-05-06 00:00:00+00:00,111534.7051531905,89174.08986268722,96916.0436346366
2023-05-07 00:00:00+00:00,111534.7051531905,89174.08986268722,96916.0436346366
2023-05-08 00:00:00+00:00,111534.7051531905,89174.08986268722,96916.0436346366
2023-05-09 00:00:00+00:00,111534.7051531905,89174.08986268722,96916.0436346366
2023-05-10 00:00:00+00:00,111534.7051531905,89174.08986268722,96916.0436346366
2023-05-11 00:00:00+00:00,111534.7051531905,89174.08986268722,96916.0436346366
2023-05-12 00:00:00+00:00,111534.7051531905,89174.08986268722,96916.0436346366
2023-05-13 00:00:00+00:00,111534.7051531905,89174.08986268722,96916.0436346366
2023-05-14 00:00:00+00:00,111534.7051531905,89174.08986268722,95028.32049661684
2023-05-15 00:00:00+00:00,111534.7051531905,89174.08986268722,91016.65024561246
2023-05-16 00:00:00+00:00,111534.7051531905,89174.08986268722,90982.52067904778
2023-05-17 00:00:00+00:00,111534.7051531905,89174.08986268722,90982.52067904778
2023-05-18 00:00:00+00:00,111534.7051531905,89174.08986268722,90982.52067904778
2023-05-19 00:00:00+00:00,111534.7051531905,89174.08986268722,90982.52067904778
2023-05-20 00:00:00+00:00,111534.7051531905,89174.08986268722,90982.52067904778
2023-05-21 00:00:00+00:00,111534.7051531905,89174.08986268722,90982.52067904778
2023-05-22 00:00:00+00:00,111534.7051531905,89174.08986268722,90982.52067904778
2023-05-23 00:00:00+00:00,111534.7051531905,88747.53147414484,90982.52067904778
2023-05-24 00:00:00+00:00,111534.7051531905,86126.86041514121,90982.52067904778
2023-05-25 00:00:00+00:00,111534.7051531905,86126.86041514121,90982.52067904778
2023-05-26 00:00:00+00:00,111534.7051531905,86126.86041514121,90982.52067904778
2023-05-27 00:00:00+00:00,111534.7051531905,86126.86041514121,93185.63521624751
2023-05-28 00:00:00+00:00,115484.57418795826,89067.59068399234,95611.43050191924
2023-05-29 00:00:00+00:00,113725.70302839525,87929.531199025,94133.51279451724
2023-05-30 00:00:00+00:00,113490.8808490561,88483.87555601883,98439.12385218589
2023-05-31 00:00:00+00:00,111659.00309978609,86974.99186526831,93944.96550454797
2023-06-01 00:00:00+00:00,111659.00309978609,86974.99186526831,93944.96550454797
2023-06-02 00:00:00+00:00,111659.00309978609,86974.99186526831,93944.96550454797
2023-06-03 00:00:00+00:00,111659.00309978609,86974.99186526831,93383.14526803611
2023-06-04 00:00:00+00:00,111659.00309978609,85504.48643194987,97296.89179908576
2023-06-05 00:00:00+00:00,111659.00309978609,85504.48643194987,93919.10558570048
2023-06-06 00:00:00+00:00,111659.00309978609,85504.48643194987,93919.10558570048
2023-06-07 00:00:00+00:00,111659.00309978609,85504.48643194987,93919.10558570048
2023-06-08 00:00:00+00:00,111659.00309978609,85504.48643194987,93919.10558570048
2023-06-09 00:00:00+00:00,111659.00309978609,85504.48643194987,93919.10558570048
2023-06-10 00:00:00+00:00,111659.00309978609,85504.48643194987,93919.10558570048
2023-06-11 00:00:00+00:00,111659.00309978609,85504.48643194987,93919.10558570048
2023-06-12 00:00:00+00:00,111659.00309978609,85504.48643194987,93919.10558570048
2023-06-13 00:00:00+00:00,111659.00309978609,85504.48643194987,93919.10558570048
2023-06-14 00:00:00+00:00,111659.00309978609,85504.48643194987,93919.10558570048
2023-06-15 00:00:00+00:00,111659.00309978609,85504.48643194987,93919.10558570048
2023-06-16 00:00:00+00:00,111659.00309978609,85504.48643194987,93919.10558570048
2023-06-17 00:00:00+00:00,110882.66034970451,85504.48643194987,93919.10558570048
2023-06-18 00:00:00+00:00,109930.31417719032,85504.48643194987,93919.10558570048
2023-06-19 00:00:00+00:00,112654.47624139619,85504.48643194987,94888.6682839681
2023-06-20 00:00:00+00:00,120660.5967497693,86330.35764195015,99298.30520544352
2023-06-21 00:00:00+00:00,130085.78849279942,93421.4029007027,104209.18869927997
2023-06-22 00:00:00+00:00,129459.37553699444,92147.30322021453,99057.67336263049
2023-06-23 00:00:00+00:00,133960.55283619332,93631.96254368738,98528.72907592828
2023-06-24 00:00:00+00:00,133060.20083436795,92475.50214497387,98528.72907592828
2023-06-25 00:00:00+00:00,132207.07314301757,92475.50214497387,98528.72907592828
2023-06-26 00:00:00+00:00,132207.07314301757,92475.50214497387,98528.72907592828
2023-06-27 00:00:00+00:00,132207.07314301757,92475.50214497387,98528.72907592828
2023-06-28 00:00:00+00:00,132207.07314301757,92475.50214497387,98528.72907592828
2023-06-29 00:00:00+00:00,132207.07314301757,92475.50214497387,98528.72907592828
2023-06-30 00:00:00+00:00,132207.07314301757,92204.85018148019,103419.95837854991
2023-07-01 00:00:00+00:00,132207.07314301757,91529.70175787147,102184.65163081222
2023-07-02 00:00:00+00:00,132207.07314301757,92450.46004269068,107993.63804245621
2023-07-03 00:00:00+00:00,132656.83354323456,93729.98923510718,106472.22995241966
2023-07-04 00:00:00+00:00,130176.19492466764,92360.39685197054,105441.9778696154
2023-07-05 00:00:00+00:00,130176.19492466764,92360.39685197054,105267.31594620724
2023-07-06 00:00:00+00:00,130176.19492466764,92360.39685197054,96800.97817599021
2023-07-07 00:00:00+00:00,130176.19492466764,92360.39685197054,95633.80349774641
2023-07-08 00:00:00+00:00,130176.19492466764,92360.39685197054,97578.27950397957
2023-07-09 00:00:00+00:00,130176.19492466764,92360.39685197054,92955.78328163981
2023-07-10 00:00:00+00:00,130176.19492466764,92360.39685197054,92955.78328163981
2023-07-11 00:00:00+00:00,130176.19492466764,92360.39685197054,92955.78328163981
2023-07-12 00:00:00+00:00,127122.60643758175,90549.53454176478,89764.72360493497
2023-07-13 00:00:00+00:00,125879.32925191513,97996.07072177937,106372.06202433017
2023-07-14 00:00:00+00:00,121914.43807592729,90472.97222393964,113556.83791411832
2023-07-15 00:00:00+00:00,121914.43807592729,90472.97222393964,113556.83791411832
2023-07-16 00:00:00+00:00,121914.43807592729,90472.97222393964,113556.83791411832
2023-07-17 00:00:00+00:00,121914.43807592729,90472.97222393964,113556.83791411832
2023-07-18 00:00:00+00:00,121914.43807592729,90472.97222393964,113556.83791411832
2023-07-19 00:00:00+00:00,121914.43807592729,90472.97222393964,113556.83791411832
2023-07-20 00:00:00+00:00,121914.43807592729,90472.97222393964,113556.83791411832
2023-07-21 00:00:00+00:00,121914.43807592729,90472.97222393964,113556.83791411832
2023-07-22 00:00:00+00:00,121914.43807592729,90472.97222393964,113556.83791411832
2023-07-23 00:00:00+00:00,121914.43807592729,90472.97222393964,113556.83791411832
2023-07-24 00:00:00+00:00,121914.43807592729,90472.97222393964,113556.83791411832
2023-07-25 00:00:00+00:00,121914.43807592729,90472.97222393964,113556.83791411832
2023-07-26 00:00:00+00:00,121914.43807592729,90472.97222393964,113556.83791411832
2023-07-27 00:00:00+00:00,121914.43807592729,90472.97222393964,113556.83791411832
2023-07-28 00:00:00+00:00,121914.43807592729,90472.97222393964,113556.83791411832
2023-07-29 00:00:00+00:00,121914.43807592729,90069.17183256205,113556.83791411832
2023-07-30 00:00:00+00:00,121914.43807592729,89418.97170526559,113556.83791411832
2023-07-31 00:00:00+00:00,121914.43807592729,89418.97170526559,113556.83791411832
2023-08-01 00:00:00+00:00,121914.43807592729,89418.97170526559,113556.83791411832
2023-08-02 00:00:00+00:00,121914.43807592729,89418.97170526559,113556.83791411832
2023-08-03 00:00:00+00:00,121914.43807592729,89418.97170526559,113556.83791411832
2023-08-04 00:00:00+00:00,121914.43807592729,89418.97170526559,113556.83791411832
2023-08-05 00:00:00+00:00,121914.43807592729,89418.97170526559,113556.83791411832
2023-08-06 00:00:00+00:00,121914.43807592729,89418.97170526559,113556.83791411832
2023-08-07 00:00:00+00:00,121914.43807592729,89418.97170526559,113556.83791411832
2023-08-08 00:00:00+00:00,123378.01675000628,88826.34766234455,118013.91784808689
2023-08-09 00:00:00+00:00,122358.20926468253,88759.11302361824,119134.55264851285
2023-08-10 00:00:00+00:00,121450.01434271719,88546.79615608546,120711.50572943181
2023-08-11 00:00:00+00:00,121450.01434271719,88112.99042205575,118996.75788802216
2023-08-12 00:00:00+00:00,121450.01434271719,88112.99042205575,119578.74722188526
2023-08-13 00:00:00+00:00,121450.01434271719,88112.99042205575,117200.54220104612
2023-08-14 00:00:00+00:00,121450.01434271719,88112.99042205575,118406.56724130451
2023-08-15 00:00:00+00:00,121450.01434271719,88112.99042205575,115118.33054993428
2023-08-16 00:00:00+00:00,121450.01434271719,88112.99042205575,115118.33054993428
2023-08-17 00:00:00+00:00,121450.01434271719,88112.99042205575,115118.33054993428
2023-08-18 00:00:00+00:00,121450.01434271719,88112.99042205575,115118.33054993428
2023-08-19 00:00:00+00:00,121450.01434271719,88112.99042205575,115118.33054993428
2023-08-20 00:00:00+00:00,121450.01434271719,88112.99042205575,115118.33054993428
2023-08-21 00:00:00+00:00,121450.01434271719,88112.99042205575,115118.33054993428
2023-08-22 00:00:00+00:00,121450.01434271719,88112.99042205575,115118.33054993428
2023-08-23 00:00:00+00:00,121450.01434271719,88112.99042205575,115118.33054993428
2023-08-24 00:00:00+00:00,121450.01434271719,88112.99042205575,115118.33054993428
2023-08-25 00:00:00+00:00,121450.01434271719,88112.99042205575,115118.33054993428
2023-08-26 00:00:00+00:00,121450.01434271719,88112.99042205575,115118.33054993428
2023-08-27 00:00:00+00:00,121450.01434271719,88112.99042205575,115118.33054993428
2023-08-28 00:00:00+00:00,121450.01434271719,88112.99042205575,115118.33054993428
2023-08-29 00:00:00+00:00,127015.41634781778,89122.30385000014,113697.17676203561
2023-08-30 00:00:00+00:00,124508.14155151077,87247.71728998735,106524.68450754423
2023-08-31 00:00:00+00:00,121493.90481318839,85676.17594754022,106524.68450754423
2023-09-01 00:00:00+00:00,121493.90481318839,85676.17594754022,106524.68450754423
2023-09-02 00:00:00+00:00,121493.90481318839,85676.17594754022,106524.68450754423
2023-09-03 00:00:00+00:00,121493.90481318839,85676.17594754022,106524.68450754423
2023-09-04 00:00:00+00:00,121493.90481318839,85676.17594754022,106524.68450754423
2023-09-05 00:00:00+00:00,121493.90481318839,85676.17594754022,106524.68450754423
2023-09-06 00:00:00+00:00,121493.90481318839,85676.17594754022,106524.68450754423
2023-09-07 00:00:00+00:00,121493.90481318839,85105.96294175756,106524.68450754423
2023-09-08 00:00:00+00:00,118098.58073991274,83504.65838360325,106524.68450754423
2023-09-09 00:00:00+00:00,118098.58073991274,83504.65838360325,106524.68450754423
2023-09-10 00:00:00+00:00,118098.58073991274,83504.65838360325,106524.68450754423
2023-09-11 00:00:00+00:00,118098.58073991274,83504.65838360325,106524.68450754423
2023-09-12 00:00:00+00:00,118098.58073991274,83504.65838360325,106524.68450754423
2023-09-13 00:00:00+00:00,117554.56761803348,83504.65838360325,106524.68450754423
2023-09-14 00:00:00+00:00,119326.16451723891,83058.26115028953,106524.68450754423
2023-09-15 00:00:00+00:00,119774.14282028475,84182.42045085455,104396.7019878594
2023-09-16 00:00:00+00:00,119521.9943921514,83642.33989907497,104187.26598291221
2023-09-17 00:00:00+00:00,118780.39493889325,82891.3744453439,101999.7624710594
2023-09-18 00:00:00+00:00,119148.03196486119,81249.33670041722,100316.25423941575
2023-09-19 00:00:00+00:00,121725.41234041685,79693.52820891942,103028.27318989136
2023-09-20 00:00:00+00:00,119474.54914489115,79138.61355251915,104905.63374268114
2023-09-21 00:00:00+00:00,119474.54914489115,79138.61355251915,101064.17514580095
2023-09-22 00:00:00+00:00,119474.54914489115,79138.61355251915,101064.17514580095
2023-09-23 00:00:00+00:00,119474.54914489115,79138.61355251915,101064.17514580095
2023-09-24 00:00:00+00:00,119474.54914489115,79138.61355251915,101064.17514580095
2023-09-25 00:00:00+00:00,119474.54914489115,79138.61355251915,101064.17514580095
2023-09-26 00:00:00+00:00,119474.54914489115,79138.61355251915,101064.17514580095
2023-09-27 00:00:00+00:00,119474.54914489115,77353.86829990623,101064.17514580095
2023-09-28 00:00:00+00:00,121203.5344274536,79333.55716724097,101064.17514580095
2023-09-29 00:00:00+00:00,120542.83492293382,80372.71309952393,101435.38776877086
2023-09-30 00:00:00+00:00,120853.75385802267,80618.0104957482,109127.67372998595
2023-10-01 00:00:00+00:00,126864.06511750811,85179.90241863951,127386.81484309892
2023-10-02 00:00:00+00:00,123929.07128519757,81465.00765029574,123521.89932791475
2023-10-03 00:00:00+00:00,123203.21325890797,81465.00765029574,125163.72440846798
2023-10-04 00:00:00+00:00,123203.21325890797,81465.00765029574,121313.0556643375
2023-10-05 00:00:00+00:00,123203.21325890797,81465.00765029574,121313.0556643375
2023-10-06 00:00:00+00:00,123203.21325890797,81465.00765029574,121313.0556643375
2023-10-07 00:00:00+00:00,123203.21325890797,81465.00765029574,121313.0556643375
2023-10-08 00:00:00+00:00,123203.21325890797,81465.00765029574,121313.0556643375
2023-10-09 00:00:00+00:00,123203.21325890797,81465.00765029574,121313.0556643375
2023-10-10 00:00:00+00:00,123203.21325890797,81465.00765029574,121313.0556643375
2023-10-11 00:00:00+00:00,123203.21325890797,81465.00765029574,121313.0556643375
2023-10-12 00:00:00+00:00,123203.21325890797,81465.00765029574,121313.0556643375
2023-10-13 00:00:00+00:00,123203.21325890797,81465.00765029574,121313.0556643375
2023-10-14 00:00:00+00:00,123203.21325890797,81465.00765029574,121313.0556643375
2023-10-15 00:00:00+00:00,123203.21325890797,81465.00765029574,121313.0556643375
2023-10-16 00:00:00+00:00,127654.56736855888,82213.92854083364,132537.9886750374
2023-10-17 00:00:00+00:00,127032.31296389639,79617.4146026721,132336.84121966118
2023-10-18 00:00:00+00:00,126581.01379402555,79617.4146026721,128320.18144240955
2023-10-19 00:00:00+00:00,128864.58087518928,79617.4146026721,131611.46000025852
2023-10-20 00:00:00+00:00,134436.75224680585,79617.4146026721,147288.39323122645
2023-10-21 00:00:00+00:00,135859.83213747264,80214.74936610831,165047.85875194034
2023-10-22 00:00:00+00:00,136342.9523161771,82781.70879146966,162772.13106727917
2023-10-23 00:00:00+00:00,154677.57719509635,90456.04974429769,185325.7359561355
2023-10-24 00:00:00+00:00,159805.93365212742,91893.82545687965,166232.18269787708
2023-10-25 00:00:00+00:00,163277.1380313762,92021.20331542451,164869.23536608653
2023-10-26 00:00:00+00:00,161150.58722351928,90712.18218723522,156604.56111636397
2023-10-27 00:00:00+00:00,159008.62779719205,90712.18218723522,156604.56111636397
2023-10-28 00:00:00+00:00,159008.62779719205,90712.18218723522,156604.56111636397
2023-10-29 00:00:00+00:00,159008.62779719205,90712.18218723522,156604.56111636397
2023-10-30 00:00:00+00:00,159008.62779719205,90712.18218723522,158361.50016048088
2023-10-31 00:00:00+00:00,158750.51601267682,90712.18218723522,180570.86947313676
2023-11-01 00:00:00+00:00,156969.10433742392,92449.81824239956,202252.09989141984
2023-11-02 00:00:00+00:00,156969.10433742392,89796.81722169914,202252.09989141984
2023-11-03 00:00:00+00:00,156969.10433742392,89796.81722169914,202252.09989141984
2023-11-04 00:00:00+00:00,156969.10433742392,89796.81722169914,202252.09989141984
2023-11-05 00:00:00+00:00,156969.10433742392,91596.26797372219,202252.09989141984
2023-11-06 00:00:00+00:00,156969.10433742392,92248.26931694681,202252.09989141984
2023-11-07 00:00:00+00:00,154323.2657491183,89963.82405297118,202252.09989141984
2023-11-08 00:00:00+00:00,155594.59810103528,89963.82405297118,202252.09989141984
2023-11-09 00:00:00+00:00,161686.01832289487,104379.5075956632,197671.4733780708
2023-11-10 00:00:00+00:00,165114.90928256608,101184.7225231968,243606.7672327742
2023-11-11 00:00:00+00:00,164122.92173209472,99365.72017034414,235030.68437163913
2023-11-12 00:00:00+00:00,163093.73461420625,98297.98663138441,235030.68437163913
2023-11-13 00:00:00+00:00,163093.73461420625,98297.98663138441,235030.68437163913
2023-11-14 00:00:00+00:00,163093.73461420625,98297.98663138441,235030.68437163913
2023-11-15 00:00:00+00:00,163093.73461420625,98297.98663138441,235030.68437163913
2023-11-16 00:00:00+00:00,163093.73461420625,98297.98663138441,209014.95482967776
2023-11-17 00:00:00+00:00,163093.73461420625,98297.98663138441,209014.95482967776
2023-11-18 00:00:00+00:00,163093.73461420625,98297.98663138441,209014.95482967776
2023-11-19 00:00:00+00:00,163093.73461420625,98297.98663138441,209014.95482967776
2023-11-20 00:00:00+00:00,161595.76877553193,98297.98663138441,209014.95482967776
2023-11-21 00:00:00+00:00,158437.38903984465,98297.98663138441,209014.95482967776
2023-11-22 00:00:00+00:00,158437.38903984465,99008.64949335743,209014.95482967776
2023-11-23 00:00:00+00:00,158437.38903984465,98915.86224089439,209014.95482967776
2023-11-24 00:00:00+00:00,158707.30550397438,100236.27176178838,209014.95482967776
2023-11-25 00:00:00+00:00,159072.27650486218,100397.171965168,209014.95482967776
2023-11-26 00:00:00+00:00,157607.41096244557,99605.74013339778,209014.95482967776
2023-11-27 00:00:00+00:00,157607.41096244557,99605.74013339778,209014.95482967776
2023-11-28 00:00:00+00:00,157607.41096244557,99605.74013339778,209014.95482967776
2023-11-29 00:00:00+00:00,155458.9183951735,99605.74013339778,209014.95482967776
2023-11-30 00:00:00+00:00,153910.9727937631,99605.74013339778,197556.252396652
2023-12-01 00:00:00+00:00,153977.83759225835,99633.44505895629,199881.78097602376
2023-12-02 00:00:00+00:00,157950.92698469487,105212.86677697551,218494.13517234632
2023-12-03 00:00:00+00:00,160660.7714003926,107267.83229898445,214927.28911920308
2023-12-04 00:00:00+00:00,171261.67407192668,110926.72698752681,204792.95610260265
2023-12-05 00:00:00+00:00,182343.9803108003,114623.47328222594,204792.95610260265
2023-12-06 00:00:00+00:00,180654.7196309027,109483.96437532562,204792.95610260265
2023-12-07 00:00:00+00:00,178033.24633542795,113072.96571343974,211958.54730187426
2023-12-08 00:00:00+00:00,177518.2602778661,113285.64111567107,243780.89023014135
2023-12-09 00:00:00+00:00,177518.2602778661,111957.72428879251,231793.29527380908
2023-12-10 00:00:00+00:00,177518.2602778661,111278.05099147873,243125.68916902711
2023-12-11 00:00:00+00:00,177518.2602778661,111278.05099147873,231570.75541740196
2023-12-12 00:00:00+00:00,177518.2602778661,111278.05099147873,231570.75541740196
2023-12-13 00:00:00+00:00,177518.2602778661,111278.05099147873,231570.75541740196
2023-12-14 00:00:00+00:00,177518.2602778661,111278.05099147873,231570.75541740196
2023-12-15 00:00:00+00:00,177518.2602778661,111278.05099147873,212797.41153065342
2023-12-16 00:00:00+00:00,177518.2602778661,111278.05099147873,215789.78005366327
2023-12-17 00:00:00+00:00,177518.2602778661,111278.05099147873,215789.78005366327
2023-12-18 00:00:00+00:00,177518.2602778661,111278.05099147873,215789.78005366327
2023-12-19 00:00:00+00:00,177518.2602778661,111278.05099147873,215789.78005366327
2023-12-20 00:00:00+00:00,180075.17930292184,111278.05099147873,228144.54891087225
2023-12-21 00:00:00+00:00,181095.57052654956,108592.55039682142,273904.4541009284
2023-12-22 00:00:00+00:00,181650.53976647256,114801.22998598071,290033.62994960725
2023-12-23 00:00:00+00:00,178732.0547511737,113587.40560992154,331788.12984839483
2023-12-24 00:00:00+00:00,178732.0547511737,111515.84864277282,351137.4252314438
2023-12-25 00:00:00+00:00,178732.0547511737,111515.84864277282,387848.9934599168
2023-12-26 00:00:00+00:00,178732.0547511737,111515.84864277282,352728.61842412426
2023-12-27 00:00:00+00:00,178732.0547511737,111515.84864277282,352728.61842412426
2023-12-28 00:00:00+00:00,178732.0547511737,111515.84864277282,352728.61842412426
2023-12-29 00:00:00+00:00,178732.0547511737,111515.84864277282,352728.61842412426
2023-12-30 00:00:00+00:00,178732.0547511737,111515.84864277282,352728.61842412426
2023-12-31 00:00:00+00:00,178732.0547511737,111515.84864277282,352728.61842412426
2024-01-01 00:00:00+00:00,182104.18859021855,111515.84864277282,352728.61842412426
2024-01-02 00:00:00+00:00,186173.0879754453,111515.84864277282,319613.03825925855
2024-01-03 00:00:00+00:00,179320.2786809439,111515.84864277282,318282.8478192051
2024-01-04 00:00:00+00:00,179320.2786809439,111515.84864277282,318282.8478192051
2024-01-05 00:00:00+00:00,179320.2786809439,111515.84864277282,318282.8478192051
2024-01-06 00:00:00+00:00,179320.2786809439,111515.84864277282,318282.8478192051
2024-01-07 00:00:00+00:00,179320.2786809439,111515.84864277282,318282.8478192051
2024-01-08 00:00:00+00:00,187856.6565008574,111515.84864277282,318282.8478192051
2024-01-09 00:00:00+00:00,183411.49374070458,110584.88980540547,318282.8478192051
2024-01-10 00:00:00+00:00,178763.95123547514,127878.64362306987,305282.45467356534
2024-01-11 00:00:00+00:00,169862.98076622016,130285.91506476009,295967.47979006846
2024-01-12 00:00:00+00:00,169862.98076622016,119552.8485052975,292209.31800867314
2024-01-13 00:00:00+00:00,169862.98076622016,119552.8485052975,292209.31800867314
2024-01-14 00:00:00+00:00,169862.98076622016,119552.8485052975,292209.31800867314
2024-01-15 00:00:00+00:00,169862.98076622016,119552.8485052975,292209.31800867314
2024-01-16 00:00:00+00:00,169862.98076622016,119552.8485052975,292209.31800867314
2024-01-17 00:00:00+00:00,169862.98076622016,119552.8485052975,291952.86876411
2024-01-18 00:00:00+00:00,169862.98076622016,119552.8485052975,273627.1936126672
2024-01-19 00:00:00+00:00,169862.98076622016,119552.8485052975,273627.1936126672
2024-01-20 00:00:00+00:00,169862.98076622016,119552.8485052975,273627.1936126672
2024-01-21 00:00:00+00:00,169862.98076622016,119552.8485052975,273627.1936126672
2024-01-22 00:00:00+00:00,169862.98076622016,119552.8485052975,273627.1936126672
2024-01-23 00:00:00+00:00,169862.98076622016,119552.8485052975,273627.1936126672
2024-01-24 00:00:00+00:00,169862.98076622016,119552.8485052975,273627.1936126672
2024-01-25 00:00:00+00:00,169862.98076622016,119552.8485052975,273627.1936126672
2024-01-26 00:00:00+00:00,170241.32075979945,119552.8485052975,268946.0353052689
2024-01-27 00:00:00+00:00,171822.41745435377,119552.8485052975,277041.2655502943
2024-01-28 00:00:00+00:00,171360.32233786117,119552.8485052975,283956.144101246
2024-01-29 00:00:00+00:00,178092.00418902127,121376.73855679054,307660.5986120736
2024-01-30 00:00:00+00:00,176160.7875658665,123351.09491886829,306330.88197162346
2024-01-31 00:00:00+00:00,174473.8162843355,119516.20903265712,297161.2429259493
2024-02-01 00:00:00+00:00,174473.8162843355,119516.20903265712,297161.2429259493
2024-02-02 00:00:00+00:00,174473.8162843355,119516.20903265712,297161.2429259493
2024-02-03 00:00:00+00:00,174473.8162843355,119516.20903265712,297161.2429259493
2024-02-04 00:00:00+00:00,174473.8162843355,119516.20903265712,297161.2429259493
2024-02-05 00:00:00+00:00,174473.8162843355,119516.20903265712,297161.2429259493
2024-02-06 00:00:00+00:00,174473.8162843355,121852.50921614407,297161.2429259493
2024-02-07 00:00:00+00:00,179990.5778213553,125902.3015499828,297161.2429259493
2024-02-08 00:00:00+00:00,184957.75748058595,125453.40698951579,299013.04377422936
2024-02-09 00:00:00+00:00,194777.00993164355,130664.58983913877,315925.0923500694
2024-02-10 00:00:00+00:00,198081.17266237267,131738.46260962897,324454.031404941
2024-02-11 00:00:00+00:00,201037.08471055573,132273.38277077285,317972.35249163554
2024-02-12 00:00:00+00:00,209845.20978840723,133871.4749027896,316039.5801559112
2024-02-13 00:00:00+00:00,208597.07174328194,132338.1492028797,305883.555038781
2024-02-14 00:00:00+00:00,220074.36695521712,142568.91850546704,313983.05094707676
2024-02-15 00:00:00+00:00,220513.0390366401,146220.68121939825,299158.0434347631
2024-02-16 00:00:00+00:00,221839.13007001608,144561.7196347486,299158.0434347631
2024-02-17 00:00:00+00:00,218791.37759674483,142067.3657462798,299158.0434347631
2024-02-18 00:00:00+00:00,218791.37759674483,142067.3657462798,299158.0434347631
2024-02-19 00:00:00+00:00,218791.37759674483,143580.09297004418,299158.0434347631
2024-02-20 00:00:00+00:00,214208.99030285823,148659.78301924988,299158.0434347631
2024-02-21 00:00:00+00:00,214208.99030285823,139623.4882483005,299158.0434347631
2024-02-22 00:00:00+00:00,214208.99030285823,134078.35915879984,299158.0434347631
2024-02-23 00:00:00+00:00,214208.99030285823,134078.35915879984,299158.0434347631
2024-02-24 00:00:00+00:00,214208.99030285823,134078.35915879984,299158.0434347631
2024-02-25 00:00:00+00:00,214208.99030285823,139404.72897032124,299158.0434347631
2024-02-26 00:00:00+00:00,226230.4965587494,143622.70228641533,302525.1654224852
2024-02-27 00:00:00+00:00,240099.38696026307,148099.63606704882,296362.45865953784
2024-02-28 00:00:00+00:00,269868.5018197863,157646.50985932708,337658.80920851906
2024-02-29 00:00:00+00:00,262545.6832518412,154573.16120660002,363449.4453014527
2024-03-01 00:00:00+00:00,269465.0437663944,160990.2321213667,377895.29347761936
2024-03-02 00:00:00+00:00,265438.5659425305,158899.60613851834,380538.65790811775
2024-03-03 00:00:00+00:00,265438.5659425305,158899.60613851834,372352.8252703112
2024-03-04 00:00:00+00:00,291621.56414977496,167394.13824736924,372352.8252703112
2024-03-05 00:00:00+00:00,267340.1216011715,156281.13321329595,341391.71612292144
2024-03-06 00:00:00+00:00,267340.1216011715,156905.45220309153,341391.71612292144
2024-03-07 00:00:00+00:00,267340.1216011715,159848.66494768148,350403.78092107776
2024-03-08 00:00:00+00:00,265312.43358154193,160638.5963346588,353128.89795613545
2024-03-09 00:00:00+00:00,266261.4712312991,161982.21725847456,351309.5257425869
2024-03-10 00:00:00+00:00,269474.12154962035,160807.02315410195,353349.03175664076
2024-03-11 00:00:00+00:00,265574.7110442849,161854.8960024753,353349.03175664076
2024-03-12 00:00:00+00:00,252891.83997484896,153949.65065635825,353349.03175664076
2024-03-13 00:00:00+00:00,251547.4588141751,148278.3920572536,385591.32419427816
2024-03-14 00:00:00+00:00,246565.57145832808,148278.3920572536,424993.8502610504
2024-03-15 00:00:00+00:00,246565.57145832808,148278.3920572536,394656.0415769558
2024-03-16 00:00:00+00:00,246565.57145832808,148278.3920572536,365537.18258965324
2024-03-17 00:00:00+00:00,246565.57145832808,148278.3920572536,378620.0723379476
2024-03-18 00:00:00+00:00,246565.57145832808,148278.3920572536,362653.421868722
2024-03-19 00:00:00+00:00,246565.57145832808,148278.3920572536,351425.074234724
2024-03-20 00:00:00+00:00,246565.57145832808,148278.3920572536,351425.074234724
2024-03-21 00:00:00+00:00,246565.57145832808,148278.3920572536,351425.074234724
2024-03-22 00:00:00+00:00,246565.57145832808,148278.3920572536,351425.074234724
2024-03-23 00:00:00+00:00,246565.57145832808,148278.3920572536,351425.074234724
2024-03-24 00:00:00+00:00,246565.57145832808,148278.3920572536,351425.074234724
2024-03-25 00:00:00+00:00,255303.26666231782,149933.35169275248,337432.67584280635
2024-03-26 00:00:00+00:00,255815.8109002852,149708.34449929112,340977.0251002208
2024-03-27 00:00:00+00:00,249161.36350684724,145125.25754283674,327074.06318663055
2024-03-28 00:00:00+00:00,249161.36350684724,145125.25754283674,327074.06318663055
2024-03-29 00:00:00+00:00,249161.36350684724,145125.25754283674,327074.06318663055
2024-03-30 00:00:00+00:00,249161.36350684724,145125.25754283674,324477.0499840123
2024-03-31 00:00:00+00:00,249161.36350684724,145125.25754283674,343856.34894744225
2024-04-01 00:00:00+00:00,249161.36350684724,145125.25754283674,323227.7241721885
2024-04-02 00:00:00+00:00,249161.36350684724,145125.25754283674,323227.7241721885
2024-04-03 00:00:00+00:00,249161.36350684724,145125.25754283674,323227.7241721885
2024-04-04 00:00:00+00:00,249161.36350684724,145125.25754283674,323227.7241721885
2024-04-05 00:00:00+00:00,249161.36350684724,145125.25754283674,323227.7241721885
2024-04-06 00:00:00+00:00,249161.36350684724,145125.25754283674,323227.7241721885
2024-04-07 00:00:00+00:00,248259.00529357305,145125.25754283674,323227.7241721885
2024-04-08 00:00:00+00:00,258854.59868577705,161497.94355936287,323227.7241721885
2024-04-09 00:00:00+00:00,248200.71552801365,146913.58383617975,323227.7241721885
2024-04-10 00:00:00+00:00,248200.71552801365,146913.58383617975,323227.7241721885
2024-04-11 00:00:00+00:00,248200.71552801365,146913.58383617975,323227.7241721885
2024-04-12 00:00:00+00:00,248200.71552801365,146913.58383617975,323227.7241721885
2024-04-13 00:00:00+00:00,248200.71552801365,146913.58383617975,323227.7241721885
2024-04-14 00:00:00+00:00,248200.71552801365,146913.58383617975,323227.7241721885
2024-04-15 00:00:00+00:00,248200.71552801365,146913.58383617975,323227.7241721885
2024-04-16 00:00:00+00:00,248200.71552801365,146913.58383617975,323227.7241721885
2024-04-17 00:00:00+00:00,248200.71552801365,146913.58383617975,323227.7241721885
2024-04-18 00:00:00+00:00,248200.71552801365,146913.58383617975,323227.7241721885
2024-04-19 00:00:00+00:00,248200.71552801365,146913.58383617975,323227.7241721885
2024-04-20 00:00:00+00:00,248200.71552801365,146913.58383617975,323227.7241721885
2024-04-21 00:00:00+00:00,248200.71552801365,146913.58383617975,323227.7241721885
2024-04-22 00:00:00+00:00,253972.05865421452,147641.85347507222,337809.41539360693
2024-04-23 00:00:00+00:00,251984.4559571959,148943.63327565382,331138.43817746144
2024-04-24 00:00:00+00:00,249454.2516279868,147245.0232138398,327541.9251878933
2024-04-25 00:00:00+00:00,249454.2516279868,147245.0232138398,327541.9251878933
2024-04-26 00:00:00+00:00,249454.2516279868,147245.0232138398,327541.9251878933
2024-04-27 00:00:00+00:00,249454.2516279868,147245.0232138398,327541.9251878933
2024-04-28 00:00:00+00:00,249454.2516279868,146199.7156934553,327541.9251878933
2024-04-29 00:00:00+00:00,249454.2516279868,141205.65425494875,327541.9251878933
2024-04-30 00:00:00+00:00,249454.2516279868,141205.65425494875,327541.9251878933
2024-05-01 00:00:00+00:00,249454.2516279868,141205.65425494875,327541.9251878933
2024-05-02 00:00:00+00:00,249454.2516279868,141205.65425494875,327541.9251878933
2024-05-03 00:00:00+00:00,249454.2516279868,141205.65425494875,324945.61651905277
2024-05-04 00:00:00+00:00,246614.15127176294,141205.65425494875,332403.92648947256
2024-05-05 00:00:00+00:00,247146.0132991642,141205.65425494875,331266.22922940017
2024-05-06 00:00:00+00:00,242049.53683681652,136358.06050930824,353886.03096621
2024-05-07 00:00:00+00:00,242049.53683681652,136358.06050930824,341068.1969897884
2024-05-08 00:00:00+00:00,242049.53683681652,136358.06050930824,341068.1969897884
2024-05-09 00:00:00+00:00,242049.53683681652,136358.06050930824,341068.1969897884
2024-05-10 00:00:00+00:00,242049.53683681652,136358.06050930824,341068.1969897884
2024-05-11 00:00:00+00:00,242049.53683681652,136358.06050930824,341068.1969897884
2024-05-12 00:00:00+00:00,242049.53683681652,136358.06050930824,341068.1969897884
2024-05-13 00:00:00+00:00,240837.17432398192,136358.06050930824,341068.1969897884
2024-05-14 00:00:00+00:00,233984.42197281003,136358.06050930824,341068.1969897884
2024-05-15 00:00:00+00:00,245611.0253940533,136358.06050930824,351821.1930019028
2024-05-16 00:00:00+00:00,240893.2869854168,136358.06050930824,354405.0020857629
2024-05-17 00:00:00+00:00,249452.1641616747,140476.185676798,385865.6978037577
2024-05-18 00:00:00+00:00,248944.44647546852,142605.68594069497,395264.34187313385
2024-05-19 00:00:00+00:00,246462.30907109045,139062.38464806342,379543.0629116553
2024-05-20 00:00:00+00:00,258964.9160605982,173309.35399203023,413915.0991747245
2024-05-21 00:00:00+00:00,252943.129998001,182362.12667515886,380878.1619767516
2024-05-22 00:00:00+00:00,248389.13956440572,178542.19038807173,380878.1619767516
2024-05-23 00:00:00+00:00,248879.2022162812,181623.8917663936,380878.1619767516
2024-05-24 00:00:00+00:00,248879.2022162812,177535.12041749395,380878.1619767516
2024-05-25 00:00:00+00:00,248879.2022162812,177535.12041749395,380878.1619767516
2024-05-26 00:00:00+00:00,248879.2022162812,177535.12041749395,380878.1619767516
2024-05-27 00:00:00+00:00,244584.8159921449,175375.35038058987,380878.1619767516
2024-05-28 00:00:00+00:00,241115.22984388997,171155.12173547517,380878.1619767516
2024-05-29 00:00:00+00:00,241115.22984388997,171155.12173547517,380878.1619767516
2024-05-30 00:00:00+00:00,241115.22984388997,171155.12173547517,380878.1619767516
2024-05-31 00:00:00+00:00,241115.22984388997,171155.12173547517,380878.1619767516
2024-06-01 00:00:00+00:00,241115.22984388997,171155.12173547517,380878.1619767516
2024-06-02 00:00:00+00:00,241115.22984388997,171155.12173547517,380878.1619767516
2024-06-03 00:00:00+00:00,239298.08144443342,171155.12173547517,380878.1619767516
2024-06-04 00:00:00+00:00,247108.71039962745,171155.12173547517,382933.1829218605
2024-06-05 00:00:00+00:00,249715.7857818357,170923.03042877052,388409.3305578668
2024-06-06 00:00:00+00:00,248267.58408731126,167011.2754672724,375423.2276708777
2024-06-07 00:00:00+00:00,247868.9495596173,167011.2754672724,375423.2276708777
2024-06-08 00:00:00+00:00,247868.9495596173,167011.2754672724,375423.2276708777
2024-06-09 00:00:00+00:00,247868.9495596173,167011.2754672724,375423.2276708777
2024-06-10 00:00:00+00:00,247868.9495596173,167011.2754672724,375423.2276708777
2024-06-11 00:00:00+00:00,247868.9495596173,167011.2754672724,375423.2276708777
2024-06-12 00:00:00+00:00,247868.9495596173,167011.2754672724,375423.2276708777
2024-06-13 00:00:00+00:00,247868.9495596173,167011.2754672724,375423.2276708777
2024-06-14 00:00:00+00:00,247868.9495596173,167011.2754672724,375423.2276708777
2024-06-15 00:00:00+00:00,247868.9495596173,167011.2754672724,375423.2276708777
2024-06-16 00:00:00+00:00,247868.9495596173,167011.2754672724,375423.2276708777
2024-06-17 00:00:00+00:00,247868.9495596173,167011.2754672724,375423.2276708777
2024-06-18 00:00:00+00:00,247868.9495596173,167011.2754672724,375423.2276708777
2024-06-19 00:00:00+00:00,247868.9495596173,167011.2754672724,375423.2276708777
2024-06-20 00:00:00+00:00,247868.9495596173,167011.2754672724,375423.2276708777
2024-06-21 00:00:00+00:00,247868.9495596173,167011.2754672724,375423.2276708777
2024-06-22 00:00:00+00:00,247868.9495596173,167011.2754672724,375423.2276708777
2024-06-23 00:00:00+00:00,247868.9495596173,167011.2754672724,375423.2276708777
2024-06-24 00:00:00+00:00,247868.9495596173,167011.2754672724,375423.2276708777
2024-06-25 00:00:00+00:00,247868.9495596173,167011.2754672724,375423.2276708777
2024-06-26 00:00:00+00:00,247868.9495596173,167011.2754672724,365760.9563809791
2024-06-27 00:00:00+00:00,247868.9495596173,167011.2754672724,414488.96019589575
2024-06-28 00:00:00+00:00,247868.9495596173,167011.2754672724,378540.26634076453
2024-06-29 00:00:00+00:00,247868.9495596173,167011.2754672724,378540.26634076453
2024-06-30 00:00:00+00:00,247868.9495596173,167011.2754672724,378540.26634076453
2024-07-01 00:00:00+00:00,244269.31722617973,167011.2754672724,378540.26634076453
2024-07-02 00:00:00+00:00,239776.8361737305,167011.2754672724,392724.971091237
2024-07-03 00:00:00+00:00,239776.8361737305,167011.2754672724,365481.69362571975
2024-07-04 00:00:00+00:00,239776.8361737305,167011.2754672724,365481.69362571975
2024-07-05 00:00:00+00:00,239776.8361737305,167011.2754672724,365481.69362571975
2024-07-06 00:00:00+00:00,239776.8361737305,167011.2754672724,365481.69362571975
2024-07-07 00:00:00+00:00,239776.8361737305,167011.2754672724,365481.69362571975
2024-07-08 00:00:00+00:00,239776.8361737305,167011.2754672724,365481.69362571975
2024-07-09 00:00:00+00:00,239776.8361737305,167011.2754672724,365481.69362571975
2024-07-10 00:00:00+00:00,232307.22666706567,167011.2754672724,359497.57314859243
2024-07-11 00:00:00+00:00,229623.56299199368,163604.17692586072,352803.3185543461
2024-07-12 00:00:00+00:00,229623.56299199368,160899.5902727382,352803.3185543461
2024-07-13 00:00:00+00:00,229333.31739703153,159682.1146220959,352803.3185543461
2024-07-14 00:00:00+00:00,237461.27604743585,164974.774587291,362000.3908143242
2024-07-15 00:00:00+00:00,257615.72923292915,183304.07563938503,402428.5294015394
2024-07-16 00:00:00+00:00,259103.45629504518,180210.1452947358,406764.20543598983
2024-07-17 00:00:00+00:00,254139.8190903577,175700.67223676108,388714.8114376502
2024-07-18 00:00:00+00:00,254475.56969338655,175335.93908765618,394831.67558758357
2024-07-19 00:00:00+00:00,254475.56969338655,175335.93908765618,411146.61035419174
2024-07-20 00:00:00+00:00,254635.65242255566,174689.6907087849,426351.2951324268
2024-07-21 00:00:00+00:00,259577.58390791249,170395.3739058785,463734.9286307512
2024-07-22 00:00:00+00:00,251719.8410519854,170395.3739058785,444234.4857135418
2024-07-23 00:00:00+00:00,251719.8410519854,170395.3739058785,430341.95444534166
2024-07-24 00:00:00+00:00,251719.8410519854,170395.3739058785,430341.95444534166
2024-07-25 00:00:00+00:00,251719.8410519854,170395.3739058785,430341.95444534166
2024-07-26 00:00:00+00:00,251719.8410519854,170395.3739058785,430341.95444534166
2024-07-27 00:00:00+00:00,250641.1799505657,170395.3739058785,429648.5798661766
2024-07-28 00:00:00+00:00,252308.51067322312,170395.3739058785,433017.83556015475
2024-07-29 00:00:00+00:00,251344.67100513124,170395.3739058785,432092.2144458397
2024-07-30 00:00:00+00:00,251344.67100513124,170395.3739058785,432092.2144458397
2024-07-31 00:00:00+00:00,251344.67100513124,170395.3739058785,432092.2144458397
2024-08-01 00:00:00+00:00,251344.67100513124,170395.3739058785,432092.2144458397
2024-08-02 00:00:00+00:00,251344.67100513124,170395.3739058785,432092.2144458397
2024-08-03 00:00:00+00:00,251344.67100513124,170395.3739058785,432092.2144458397
2024-08-04 00:00:00+00:00,251344.67100513124,170395.3739058785,432092.2144458397
2024-08-05 00:00:00+00:00,251344.67100513124,170395.3739058785,432092.2144458397
2024-08-06 00:00:00+00:00,251344.67100513124,170395.3739058785,432092.2144458397
2024-08-07 00:00:00+00:00,251344.67100513124,170395.3739058785,432092.2144458397
2024-08-08 00:00:00+00:00,249761.2414620178,170395.3739058785,445398.02414451924
2024-08-09 00:00:00+00:00,245218.59258671603,170395.3739058785,419607.55208297167
2024-08-10 00:00:00+00:00,245561.71721015137,170395.3739058785,406325.76922977704
2024-08-11 00:00:00+00:00,240491.35470665607,160353.36871028593,406325.76922977704
2024-08-12 00:00:00+00:00,240491.35470665607,162538.92048420804,406325.76922977704
2024-08-13 00:00:00+00:00,240491.35470665607,152960.38208973256,406325.76922977704
2024-08-14 00:00:00+00:00,240491.35470665607,144537.39145484433,406325.76922977704
2024-08-15 00:00:00+00:00,240491.35470665607,144537.39145484433,406325.76922977704
2024-08-16 00:00:00+00:00,240491.35470665607,144537.39145484433,406325.76922977704
2024-08-17 00:00:00+00:00,240491.35470665607,144537.39145484433,406325.76922977704
2024-08-18 00:00:00+00:00,240491.35470665607,144537.39145484433,406325.76922977704
2024-08-19 00:00:00+00:00,240491.35470665607,144537.39145484433,406325.76922977704
2024-08-20 00:00:00+00:00,240491.35470665607,144537.39145484433,406325.76922977704
2024-08-21 00:00:00+00:00,240891.24225952255,144537.39145484433,406325.76922977704
2024-08-22 00:00:00+00:00,237020.08034196313,144537.39145484433,406325.76922977704
2024-08-23 00:00:00+00:00,255716.72975289807,150870.43549612781,427066.03554196755
2024-08-24 00:00:00+00:00,256271.78748217295,151454.02433790578,456336.459788902
2024-08-25 00:00:00+00:00,256681.81124254985,149512.45456824385,449272.3677941345
2024-08-26 00:00:00+00:00,251948.6139912299,148376.1992010382,442099.2620634611
2024-08-27 00:00:00+00:00,251948.6139912299,148376.1992010382,443027.97133842396
2024-08-28 00:00:00+00:00,251948.6139912299,148376.1992010382,443027.97133842396
2024-08-29 00:00:00+00:00,251948.6139912299,148376.1992010382,443027.97133842396
2024-08-30 00:00:00+00:00,251948.6139912299,148376.1992010382,443027.97133842396
2024-08-31 00:00:00+00:00,251948.6139912299,148376.1992010382,443027.97133842396
2024-09-01 00:00:00+00:00,251948.6139912299,148376.1992010382,443027.97133842396
2024-09-02 00:00:00+00:00,251948.6139912299,148376.1992010382,443027.97133842396
2024-09-03 00:00:00+00:00,251948.6139912299,148376.1992010382,443027.97133842396
2024-09-04 00:00:00+00:00,251948.6139912299,148376.1992010382,443027.97133842396
2024-09-05 00:00:00+00:00,251948.6139912299,148376.1992010382,443027.97133842396
2024-09-06 00:00:00+00:00,251948.6139912299,148376.1992010382,443027.97133842396
2024-09-07 00:00:00+00:00,251948.6139912299,148376.1992010382,443027.97133842396
2024-09-08 00:00:00+00:00,251948.6139912299,148376.1992010382,443027.97133842396
2024-09-09 00:00:00+00:00,251948.6139912299,148376.1992010382,446059.01511128
2024-09-10 00:00:00+00:00,251948.6139912299,148376.1992010382,448792.0709656368
2024-09-11 00:00:00+00:00,249699.9404231472,148376.1992010382,427372.9214517242
2024-09-12 00:00:00+00:00,254109.18456507724,148376.1992010382,427372.9214517242
2024-09-13 00:00:00+00:00,267569.69938791695,152389.83067232,435931.1857013639
2024-09-14 00:00:00+00:00,264684.04970242624,150325.47534954036,428303.5996967242
2024-09-15 00:00:00+00:00,260508.66791921982,147491.8118161225,422980.7223963896
2024-09-16 00:00:00+00:00,260508.66791921982,147491.8118161225,422980.7223963896
2024-09-17 00:00:00+00:00,260508.66791921982,147491.8118161225,422980.7223963896
2024-09-18 00:00:00+00:00,263705.18714215775,147491.8118161225,422980.7223963896
2024-09-19 00:00:00+00:00,270445.7044632779,149079.58906447302,439210.31844442594
2024-09-20 00:00:00+00:00,271775.6775164764,157863.4838322506,455745.9720547054
2024-09-21 00:00:00+00:00,272476.93764962803,162656.4985426457,467805.9763673143
2024-09-22 00:00:00+00:00,269437.5997761377,155105.54660858505,446905.9171922459
2024-09-23 00:00:00+00:00,269437.5997761377,152845.72930110196,446905.9171922459
2024-09-24 00:00:00+00:00,268722.9348874454,148242.2193716869,446905.9171922459
2024-09-25 00:00:00+00:00,263956.42886911385,148242.2193716869,446905.9171922459
2024-09-26 00:00:00+00:00,262219.8809810815,148242.2193716869,456949.81974714104
2024-09-27 00:00:00+00:00,265460.9889026954,147138.20729743375,465602.70129257935
2024-09-28 00:00:00+00:00,265909.2526088341,145526.2743131378,461589.29854456306
2024-09-29 00:00:00+00:00,264131.37128544506,143409.29787162427,447546.06480922294
2024-09-30 00:00:00+00:00,264131.37128544506,143409.29787162427,441350.4762639545
2024-10-01 00:00:00+00:00,264131.37128544506,143409.29787162427,441350.4762639545
2024-10-02 00:00:00+00:00,264131.37128544506,143409.29787162427,441350.4762639545
2024-10-03 00:00:00+00:00,264131.37128544506,143409.29787162427,441350.4762639545
2024-10-04 00:00:00+00:00,264131.37128544506,143409.29787162427,441350.4762639545
2024-10-05 00:00:00+00:00,264131.37128544506,143409.29787162427,441350.4762639545
2024-10-06 00:00:00+00:00,264131.37128544506,143409.29787162427,441350.4762639545
2024-10-07 00:00:00+00:00,254731.63351494004,143409.29787162427,441350.4762639545
2024-10-08 00:00:00+00:00,254731.63351494004,143409.29787162427,441350.4762639545
2024-10-09 00:00:00+00:00,254731.63351494004,143409.29787162427,441350.4762639545
2024-10-10 00:00:00+00:00,254731.63351494004,143409.29787162427,441350.4762639545
2024-10-11 00:00:00+00:00,254731.63351494004,143409.29787162427,441350.4762639545
2024-10-12 00:00:00+00:00,254731.63351494004,143409.29787162427,441350.4762639545
2024-10-13 00:00:00+00:00,254731.63351494004,142443.98210749595,443086.36279800447
2024-10-14 00:00:00+00:00,269184.34679990716,156512.02077297974,484521.2390764703
2024-10-15 00:00:00+00:00,274435.4265350045,154549.995916872,472422.61920418276
2024-10-16 00:00:00+00:00,277396.7451253417,154823.29129956398,470709.8696867345
2024-10-17 00:00:00+00:00,276254.40063313406,153658.77644902817,466906.8507114067
2024-10-18 00:00:00+00:00,281735.7313182531,151182.44516606315,466906.8507114067
2024-10-19 00:00:00+00:00,281190.898472086,151678.6837594686,474414.8321110261
2024-10-20 00:00:00+00:00,284715.8039871669,160277.56654272415,506558.8817561883
2024-10-21 00:00:00+00:00,280105.09884763724,152851.3104807211,501439.01065871975
2024-10-22 00:00:00+00:00,280105.09884763724,152851.3104807211,507179.0075170387
2024-10-23 00:00:00+00:00,280105.09884763724,152851.3104807211,493574.93245144584
2024-10-24 00:00:00+00:00,280105.09884763724,152851.3104807211,508748.21501361695
2024-10-25 00:00:00+00:00,280105.09884763724,152851.3104807211,482788.6608388691
2024-10-26 00:00:00+00:00,280105.09884763724,152851.3104807211,482788.6608388691
2024-10-27 00:00:00+00:00,280105.09884763724,152851.3104807211,482788.6608388691
2024-10-28 00:00:00+00:00,286196.1899329815,152851.3104807211,483179.4662415627
2024-10-29 00:00:00+00:00,301221.9645932161,154213.34839276568,487677.08401186456
2024-10-30 00:00:00+00:00,299182.1195864459,155928.49473582016,477249.6695100719
2024-10-31 00:00:00+00:00,292288.42386159307,151281.4671080893,477249.6695100719
2024-11-01 00:00:00+00:00,292288.42386159307,151281.4671080893,477249.6695100719
2024-11-02 00:00:00+00:00,292288.42386159307,151281.4671080893,477249.6695100719
2024-11-03 00:00:00+00:00,292288.42386159307,151281.4671080893,477249.6695100719
2024-11-04 00:00:00+00:00,292288.42386159307,151281.4671080893,477249.6695100719
2024-11-05 00:00:00+00:00,292288.42386159307,151281.4671080893,477249.6695100719
2024-11-06 00:00:00+00:00,308902.35964768706,158746.20241418545,488277.7392969749
2024-11-07 00:00:00+00:00,310274.30063847365,174099.11767054274,524612.8529697136
2024-11-08 00:00:00+00:00,313740.3292285256,179999.66091736525,537478.7827568114
2024-11-09 00:00:00+00:00,314608.1401954478,195217.72110561808,537572.6390651601
2024-11-10 00:00:00+00:00,334336.5023436422,200405.75946678038,575517.6541349364
2024-11-11 00:00:00+00:00,379689.37403914164,218248.63835902853,621708.3909895235
2024-11-12 00:00:00+00:00,375541.515339918,205629.71039096607,566725.465521709
2024-11-13 00:00:00+00:00,389219.9631832537,202668.62352283974,566725.465521709
2024-11-14 00:00:00+00:00,375083.27991122595,202668.62352283974,566725.465521709
2024-11-15 00:00:00+00:00,375083.27991122595,202668.62352283974,566725.465521709
2024-11-16 00:00:00+00:00,375083.27991122595,202668.62352283974,566725.465521709
2024-11-17 00:00:00+00:00,375083.27991122595,202668.62352283974,613857.3421266619
2024-11-18 00:00:00+00:00,375083.27991122595,202668.62352283974,621797.4465906393
2024-11-19 00:00:00+00:00,372259.28566742095,202668.62352283974,602111.4212238882
2024-11-20 00:00:00+00:00,382565.8018866536,202668.62352283974,602111.4212238882
2024-11-21 00:00:00+00:00,403826.9751081754,202781.28604580197,602111.4212238882
2024-11-22 00:00:00+00:00,406949.2740773274,200243.54337231527,597069.8323141357
2024-11-23 00:00:00+00:00,397596.57481057924,206050.95008017067,590382.6455906733
2024-11-24 00:00:00+00:00,397596.57481057924,199212.7023401415,584118.9693752863
2024-11-25 00:00:00+00:00,397596.57481057924,190609.84809578676,584118.9693752863
2024-11-26 00:00:00+00:00,397596.57481057924,190609.84809578676,584118.9693752863
2024-11-27 00:00:00+00:00,397596.57481057924,200075.4305977212,584118.9693752863
2024-11-28 00:00:00+00:00,397596.57481057924,193995.53085483474,584118.9693752863
2024-11-29 00:00:00+00:00,392061.19679522584,194958.66792376156,584118.9693752863
2024-11-30 00:00:00+00:00,386563.19303158624,204052.58153426257,584118.9693752863
2024-12-01 00:00:00+00:00,385023.9767722144,204422.71636321623,584118.9693752863
2024-12-02 00:00:00+00:00,385023.9767722144,198216.02645996658,584118.9693752863
2024-12-03 00:00:00+00:00,385023.9767722144,198216.02645996658,584118.9693752863
2024-12-04 00:00:00+00:00,385023.9767722144,198216.02645996658,584118.9693752863
2024-12-05 00:00:00+00:00,340853.33937326376,191090.6633526061,584118.9693752863
2024-12-06 00:00:00+00:00,340853.33937326376,207456.99826985714,540483.0631820417
2024-12-07 00:00:00+00:00,340853.33937326376,207357.69550492885,540483.0631820417
2024-12-08 00:00:00+00:00,340853.33937326376,202374.86335208407,540483.0631820417
2024-12-09 00:00:00+00:00,340853.33937326376,202374.86335208407,540483.0631820417
2024-12-10 00:00:00+00:00,340853.33937326376,202374.86335208407,540483.0631820417
2024-12-11 00:00:00+00:00,340853.33937326376,202374.86335208407,540483.0631820417
2024-12-12 00:00:00+00:00,334644.9176811243,202374.86335208407,540483.0631820417
2024-12-13 00:00:00+00:00,340689.67329730414,202374.86335208407,540483.0631820417
2024-12-14 00:00:00+00:00,337366.77083441167,202374.86335208407,540483.0631820417
2024-12-15 00:00:00+00:00,342596.7481201947,202374.86335208407,540483.0631820417
2024-12-16 00:00:00+00:00,349457.05424489337,197848.24146298776,540483.0631820417
2024-12-17 00:00:00+00:00,349748.70056223986,192796.02627548625,540483.0631820417
2024-12-18 00:00:00+00:00,342598.161388396,192796.02627548625,540483.0631820417
2024-12-19 00:00:00+00:00,342598.161388396,192796.02627548625,540483.0631820417
2024-12-20 00:00:00+00:00,342598.161388396,192796.02627548625,540483.0631820417
2024-12-21 00:00:00+00:00,342598.161388396,192796.02627548625,540483.0631820417
2024-12-22 00:00:00+00:00,342598.161388396,192796.02627548625,540483.0631820417
2024-12-23 00:00:00+00:00,342598.161388396,192796.02627548625,540483.0631820417
2024-12-24 00:00:00+00:00,342598.161388396,192796.02627548625,540483.0631820417
2024-12-25 00:00:00+00:00,343691.8130049767,192796.02627548625,540483.0631820417
2024-12-26 00:00:00+00:00,329864.7474018925,192796.02627548625,540483.0631820417
2024-12-27 00:00:00+00:00,329864.7474018925,192796.02627548625,540483.0631820417
2024-12-28 00:00:00+00:00,329864.7474018925,192796.02627548625,540483.0631820417
2024-12-29 00:00:00+00:00,329864.7474018925,192796.02627548625,540483.0631820417
2024-12-30 00:00:00+00:00,329864.7474018925,192796.02627548625,540483.0631820417
2024-12-31 00:00:00+00:00,329864.7474018925,192796.02627548625,540483.0631820417
2025-01-01 00:00:00+00:00,329864.7474018925,192796.02627548625,540483.0631820417
2025-01-02 00:00:00+00:00,330571.9883641822,192796.02627548625,579131.762469083
2025-01-03 00:00:00+00:00,335961.60529140895,203362.68452085907,616925.6755013515
2025-01-04 00:00:00+00:00,336254.5464055527,207439.67739494555,611703.0347352764
2025-01-05 00:00:00+00:00,331995.26619650127,205628.23606107183,592862.3059669908
2025-01-06 00:00:00+00:00,344690.76913576893,209949.51937048766,591444.4289057899
2025-01-07 00:00:00+00:00,330579.58303264336,205858.55626311997,582578.92029212
2025-01-08 00:00:00+00:00,330579.58303264336,205858.55626311997,582578.92029212
2025-01-09 00:00:00+00:00,330579.58303264336,205858.55626311997,582578.92029212
2025-01-10 00:00:00+00:00,330579.58303264336,205858.55626311997,582578.92029212
2025-01-11 00:00:00+00:00,330579.58303264336,205858.55626311997,582578.92029212
2025-01-12 00:00:00+00:00,330579.58303264336,205858.55626311997,582578.92029212
2025-01-13 00:00:00+00:00,330579.58303264336,205858.55626311997,582578.92029212
2025-01-14 00:00:00+00:00,330579.58303264336,205858.55626311997,582578.92029212
2025-01-15 00:00:00+00:00,345161.8642522966,212854.9858041491,624926.9184957675
2025-01-16 00:00:00+00:00,343011.55225619447,199693.82806415108,646849.3261888808
2025-01-17 00:00:00+00:00,361316.2794788032,214661.1812991435,682941.3520870567
2025-01-18 00:00:00+00:00,363403.0199109918,202210.92307471696,871900.5349022249
2025-01-19 00:00:00+00:00,356472.7224541342,202210.92307471696,880557.4868586863
2025-01-20 00:00:00+00:00,356472.7224541342,202210.92307471696,880557.4868586863
2025-01-21 00:00:00+00:00,356472.7224541342,202210.92307471696,880557.4868586863
2025-01-22 00:00:00+00:00,356472.7224541342,202210.92307471696,880557.4868586863
2025-01-23 00:00:00+00:00,356472.7224541342,202210.92307471696,880557.4868586863
2025-01-24 00:00:00+00:00,356472.7224541342,202210.92307471696,880557.4868586863
2025-01-25 00:00:00+00:00,356472.7224541342,202210.92307471696,880557.4868586863
2025-01-26 00:00:00+00:00,356472.7224541342,202210.92307471696,880557.4868586863
2025-01-27 00:00:00+00:00,356472.7224541342,202210.92307471696,880557.4868586863
2025-01-28 00:00:00+00:00,356472.7224541342,202210.92307471696,880557.4868586863
2025-01-29 00:00:00+00:00,356472.7224541342,202210.92307471696,880557.4868586863
2025-01-30 00:00:00+00:00,351783.9046555809,202210.92307471696,880557.4868586863
2025-01-31 00:00:00+00:00,346410.96021280676,197694.17416945423,880557.4868586863
2025-02-01 00:00:00+00:00,346410.96021280676,191061.86814981283,880557.4868586863
2025-02-02 00:00:00+00:00,346410.96021280676,191061.86814981283,880557.4868586863
2025-02-03 00:00:00+00:00,346410.96021280676,191061.86814981283,880557.4868586863
2025-02-04 00:00:00+00:00,346410.96021280676,191061.86814981283,880557.4868586863
2025-02-05 00:00:00+00:00,346410.96021280676,191061.86814981283,880557.4868586863
2025-02-06 00:00:00+00:00,346410.96021280676,191061.86814981283,880557.4868586863
2025-02-07 00:00:00+00:00,346410.96021280676,191061.86814981283,880557.4868586863
2025-02-08 00:00:00+00:00,346410.96021280676,191061.86814981283,880557.4868586863
2025-02-09 00:00:00+00:00,346410.96021280676,191061.86814981283,880557.4868586863
2025-02-10 00:00:00+00:00,346410.96021280676,191061.86814981283,880557.4868586863
2025-02-11 00:00:00+00:00,346410.96021280676,191061.86814981283,880557.4868586863
2025-02-12 00:00:00+00:00,346410.96021280676,191061.86814981283,880557.4868586863
2025-02-13 00:00:00+00:00,346410.96021280676,191061.86814981283,880557.4868586863
2025-02-14 00:00:00+00:00,344079.299544971,185672.74473031514,880557.4868586863
2025-02-15 00:00:00+00:00,344476.53838923847,181093.85631145074,880557.4868586863
2025-02-16 00:00:00+00:00,341970.9101238624,181093.85631145074,880557.4868586863
2025-02-17 00:00:00+00:00,341970.9101238624,181093.85631145074,880557.4868586863
2025-02-18 00:00:00+00:00,341970.9101238624,181093.85631145074,880557.4868586863
2025-02-19 00:00:00+00:00,341970.9101238624,181093.85631145074,880557.4868586863
2025-02-20 00:00:00+00:00,341945.1860741956,181093.85631145074,880557.4868586863
2025-02-21 00:00:00+00:00,334507.14476054325,170343.49103790428,880557.4868586863
2025-02-22 00:00:00+00:00,334507.14476054325,170343.49103790428,880557.4868586863
2025-02-23 00:00:00+00:00,334507.14476054325,168471.9776313265,880557.4868586863
2025-02-24 00:00:00+00:00,334507.14476054325,161216.8685539397,880557.4868586863
2025-02-25 00:00:00+00:00,334507.14476054325,161216.8685539397,880557.4868586863
2025-02-26 00:00:00+00:00,334507.14476054325,161216.8685539397,880557.4868586863
2025-02-27 00:00:00+00:00,334507.14476054325,161216.8685539397,880557.4868586863
2025-02-28 00:00:00+00:00,334507.14476054325,161216.8685539397,880557.4868586863
2025-03-01 00:00:00+00:00,334507.14476054325,161216.8685539397,880557.4868586863
2025-03-02 00:00:00+00:00,334742.50141455414,161216.8685539397,1062434.5960999806
2025-03-03 00:00:00+00:00,301237.270701455,161216.8685539397,909273.4985590223
2025-03-04 00:00:00+00:00,301237.270701455,161216.8685539397,909273.4985590223
2025-03-05 00:00:00+00:00,301237.270701455,161216.8685539397,909273.4985590223
2025-03-06 00:00:00+00:00,301237.270701455,161216.8685539397,909273.4985590223
2025-03-07 00:00:00+00:00,301237.270701455,161216.8685539397,909273.4985590223
2025-03-08 00:00:00+00:00,301237.270701455,161216.8685539397,909273.4985590223
2025-03-09 00:00:00+00:00,301237.270701455,161216.8685539397,909273.4985590223
2025-03-10 00:00:00+00:00,301237.270701455,161216.8685539397,909273.4985590223
2025-03-11 00:00:00+00:00,301237.270701455,161216.8685539397,909273.4985590223
2025-03-12 00:00:00+00:00,301237.270701455,161216.8685539397,909273.4985590223
2025-03-13 00:00:00+00:00,301237.270701455,161216.8685539397,909273.4985590223
2025-03-14 00:00:00+00:00,301237.270701455,161216.8685539397,909273.4985590223
2025-03-15 00:00:00+00:00,301237.270701455,161216.8685539397,915332.7332169904
2025-03-16 00:00:00+00:00,301237.270701455,161216.8685539397,858343.0143539914
2025-03-17 00:00:00+00:00,301237.270701455,161216.8685539397,858343.0143539914
2025-03-18 00:00:00+00:00,301237.270701455,161216.8685539397,858343.0143539914
2025-03-19 00:00:00+00:00,301237.270701455,175236.51389506154,858343.0143539914
2025-03-20 00:00:00+00:00,301237.270701455,165997.0982354136,858343.0143539914
2025-03-21 00:00:00+00:00,301237.270701455,163146.8739430148,858343.0143539914
2025-03-22 00:00:00+00:00,301237.270701455,163146.8739430148,858343.0143539914
2025-03-23 00:00:00+00:00,301237.270701455,163146.8739430148,858343.0143539914
2025-03-24 00:00:00+00:00,303320.73874035943,164646.71114957688,907048.5330158934
2025-03-25 00:00:00+00:00,302934.13795452315,162877.62014705167,930538.4739611059
2025-03-26 00:00:00+00:00,298717.1815404846,159611.4396708292,889440.2166550923
2025-03-27 00:00:00+00:00,298717.1815404846,159611.4396708292,889440.2166550923
2025-03-28 00:00:00+00:00,298717.1815404846,159611.4396708292,889440.2166550923
2025-03-29 00:00:00+00:00,298717.1815404846,159611.4396708292,889440.2166550923
2025-03-30 00:00:00+00:00,298717.1815404846,159611.4396708292,889440.2166550923
2025-03-31 00:00:00+00:00,298717.1815404846,159611.4396708292,889440.2166550923
2025-04-01 00:00:00+00:00,298717.1815404846,159611.4396708292,889440.2166550923
2025-04-02 00:00:00+00:00,279789.03532237164,159611.4396708292,889440.2166550923
2025-04-03 00:00:00+00:00,279789.03532237164,159611.4396708292,889440.2166550923
2025-04-04 00:00:00+00:00,279789.03532237164,159611.4396708292,889440.2166550923
2025-04-05 00:00:00+00:00,279789.03532237164,159611.4396708292,889440.2166550923
2025-04-06 00:00:00+00:00,279789.03532237164,159611.4396708292,889440.2166550923
2025-04-07 00:00:00+00:00,279789.03532237164,159611.4396708292,889440.2166550923
2025-04-08 00:00:00+00:00,279789.03532237164,159611.4396708292,889440.2166550923
2025-04-09 00:00:00+00:00,279789.03532237164,159611.4396708292,889440.2166550923
2025-04-10 00:00:00+00:00,279789.03532237164,159611.4396708292,889440.2166550923
2025-04-11 00:00:00+00:00,277967.37502236705,159611.4396708292,891217.1190099906
2025-04-12 00:00:00+00:00,286013.5524276812,159611.4396708292,1003918.5285070983
2025-04-13 00:00:00+00:00,279435.53677753266,159611.4396708292,962482.2897877421
2025-04-14 00:00:00+00:00,279523.98852089426,151675.8919646307,972388.2690684176
2025-04-15 00:00:00+00:00,279523.98852089426,149725.3993720657,955953.2689411606
2025-04-16 00:00:00+00:00,279523.98852089426,149725.3993720657,955953.2689411606
2025-04-17 00:00:00+00:00,279523.98852089426,149725.3993720657,955953.2689411606
2025-04-18 00:00:00+00:00,279523.98852089426,149725.3993720657,941152.3647864966
2025-04-19 00:00:00+00:00,279523.98852089426,149725.3993720657,998660.8050212034
2025-04-20 00:00:00+00:00,279523.98852089426,149725.3993720657,957310.1741761027
2025-04-21 00:00:00+00:00,284812.08052269,142493.69194854132,957310.1741761027
2025-04-22 00:00:00+00:00,310087.2737989719,156781.2882294959,990294.9018196206
2025-04-23 00:00:00+00:00,311158.4730632668,161886.70780383624,1011651.7989790376
2025-04-24 00:00:00+00:00,312361.6450990486,158433.18510490138,1024128.0924920769
2025-04-25 00:00:00+00:00,315248.04203331674,160372.97677354983,1008261.6447038093
2025-04-26 00:00:00+00:00,315193.5327741568,165181.593399643,1003966.2800849513
2025-04-27 00:00:00+00:00,311340.2100901012,160936.28507962206,1003966.2800849513
2025-04-28 00:00:00+00:00,311340.2100901012,160936.28507962206,1003966.2800849513
2025-04-29 00:00:00+00:00,307471.91422047187,160936.28507962206,1003966.2800849513
2025-04-30 00:00:00+00:00,307471.91422047187,160936.28507962206,1003966.2800849513
2025-05-01 00:00:00+00:00,313066.52273535443,160349.1115633013,1003966.2800849513
2025-05-02 00:00:00+00:00,314723.6394296209,160770.38200700108,1003966.2800849513
2025-05-03 00:00:00+00:00,310398.8884109226,157748.90594132798,1003966.2800849513
2025-05-04 00:00:00+00:00,310398.8884109226,157748.90594132798,1003966.2800849513
2025-05-05 00:00:00+00:00,310398.8884109226,157748.90594132798,1003966.2800849513
2025-05-06 00:00:00+00:00,310398.8884109226,157748.90594132798,1003966.2800849513
2025-05-07 00:00:00+00:00,308752.1557110915,157748.90594132798,1003966.2800849513
2025-05-08 00:00:00+00:00,334790.0700194263,196904.77227652658,1131192.0853259915
2025-05-09 00:00:00+00:00,333522.24025860534,215154.5254580541,1210904.525078772
2025-05-10 00:00:00+00:00,341332.1622978766,248591.44549535197,1261198.9818905909
2025-05-11 00:00:00+00:00,338399.1949341368,238477.299004957,1213566.5916861577
2025-05-12 00:00:00+00:00,333215.91657940915,228460.20042244552,1202401.4344516827
2025-05-13 00:00:00+00:00,333215.91657940915,239241.52575647066,1241115.5285980846
2025-05-14 00:00:00+00:00,333215.91657940915,229693.98387031726,1159133.0267740656
2025-05-15 00:00:00+00:00,333215.91657940915,222601.16033163568,1159133.0267740656
2025-05-16 00:00:00+00:00,333215.91657940915,222601.16033163568,1159133.0267740656
2025-05-17 00:00:00+00:00,333215.91657940915,222601.16033163568,1159133.0267740656
2025-05-18 00:00:00+00:00,341379.36293227505,222601.16033163568,1159133.0267740656
2025-05-19 00:00:00+00:00,329431.73101327603,222601.16033163568,1159133.0267740656
2025-05-20 00:00:00+00:00,331154.70938701805,222601.16033163568,1159133.0267740656
2025-05-21 00:00:00+00:00,342492.5677535554,222601.16033163568,1159133.0267740656
2025-05-22 00:00:00+00:00,350761.1809393915,226095.83796121093,1194724.4588474059
2025-05-23 00:00:00+00:00,336163.2232222216,214868.2797143085,1144141.387943039
2025-05-24 00:00:00+00:00,336163.2232222216,214868.2797143085,1144141.387943039
2025-05-25 00:00:00+00:00,336163.2232222216,214868.2797143085,1144141.387943039
2025-05-26 00:00:00+00:00,336163.2232222216,214868.2797143085,1144141.387943039
2025-05-27 00:00:00+00:00,336163.2232222216,214868.2797143085,1144141.387943039
2025-05-28 00:00:00+00:00,336163.2232222216,214868.2797143085,1144141.387943039
2025-05-29 00:00:00+00:00,336163.2232222216,203971.5419300833,1144141.387943039
2025-05-30 00:00:00+00:00,336163.2232222216,203971.5419300833,1144141.387943039
2025-05-31 00:00:00+00:00,336163.2232222216,203971.5419300833,1144141.387943039
2025-06-01 00:00:00+00:00,336163.2232222216,203971.5419300833,1144141.387943039
2025-06-02 00:00:00+00:00,336163.2232222216,203971.5419300833,1144141.387943039
2025-06-03 00:00:00+00:00,336163.2232222216,203971.5419300833,1144141.387943039
2025-06-04 00:00:00+00:00,336163.2232222216,197276.8124095953,1144141.387943039
2025-06-05 00:00:00+00:00,336163.2232222216,194895.35515954604,1144141.387943039
2025-06-06 00:00:00+00:00,336163.2232222216,194895.35515954604,1144141.387943039
2025-06-07 00:00:00+00:00,336163.2232222216,194895.35515954604,1144141.387943039
2025-06-08 00:00:00+00:00,334025.9039575806,194895.35515954604,1144141.387943039
2025-06-09 00:00:00+00:00,352636.8827987369,197186.17380643822,1181147.3969898878
2025-06-10 00:00:00+00:00,352689.5784122939,212318.9578241835,1221460.3468705877
2025-06-11 00:00:00+00:00,343714.85403544485,207112.66005218486,1178143.7907970073
2025-06-12 00:00:00+00:00,343714.85403544485,198883.71913142197,1155076.419228453
2025-06-13 00:00:00+00:00,343714.85403544485,198883.71913142197,1155076.419228453
2025-06-14 00:00:00+00:00,343714.85403544485,198883.71913142197,1155076.419228453
2025-06-15 00:00:00+00:00,343714.85403544485,198883.71913142197,1155076.419228453
2025-06-16 00:00:00+00:00,343714.85403544485,198883.71913142197,1155076.419228453
2025-06-17 00:00:00+00:00,343714.85403544485,198883.71913142197,1155076.419228453
2025-06-18 00:00:00+00:00,343714.85403544485,198883.71913142197,1155076.419228453
2025-06-19 00:00:00+00:00,343714.85403544485,198883.71913142197,1155076.419228453
2025-06-20 00:00:00+00:00,343714.85403544485,198883.71913142197,1155076.419228453
2025-06-21 00:00:00+00:00,343714.85403544485,198883.71913142197,1155076.419228453
2025-06-22 00:00:00+00:00,343714.85403544485,198883.71913142197,1155076.419228453
2025-06-23 00:00:00+00:00,343714.85403544485,198883.71913142197,1155076.419228453
2025-06-24 00:00:00+00:00,343717.1471082735,198883.71913142197,1155076.419228453
2025-06-25 00:00:00+00:00,349064.8817903353,198883.71913142197,1155076.419228453
2025-06-26 00:00:00+00:00,347522.7930161991,198883.71913142197,1155076.419228453
2025-06-27 00:00:00+00:00,345554.2176135897,198883.71913142197,1155076.419228453
2025-06-28 00:00:00+00:00,345554.2176135897,198883.71913142197,1155076.419228453
2025-06-29 00:00:00+00:00,347107.91819131497,198166.9722675054,1166557.565125986
2025-06-30 00:00:00+00:00,342097.6404729907,190767.87243188202,1182545.4178227265
2025-07-01 00:00:00+00:00,342097.6404729907,190767.87243188202,1124149.8904733905
2025-07-02 00:00:00+00:00,342097.6404729907,190767.87243188202,1124149.8904733905
2025-07-03 00:00:00+00:00,341291.74868899107,189288.1270699821,1124149.8904733905
2025-07-04 00:00:00+00:00,334634.8426567257,180776.77956404682,1124149.8904733905
2025-07-05 00:00:00+00:00,334634.8426567257,180776.77956404682,1124149.8904733905
2025-07-06 00:00:00+00:00,334634.8426567257,180776.77956404682,1124149.8904733905
2025-07-07 00:00:00+00:00,334634.8426567257,180776.77956404682,1124149.8904733905
2025-07-08 00:00:00+00:00,334634.8426567257,179606.64452228538,1124149.8904733905
2025-07-09 00:00:00+00:00,333969.5863287266,195599.6673283795,1155818.6624325556
2025-07-10 00:00:00+00:00,352562.978607215,215136.33919827652,1231346.4059449919
2025-07-11 00:00:00+00:00,358562.19666251703,215820.16503685908,1216296.6518445583
2025-07-12 00:00:00+00:00,358212.0116199609,214100.53897594515,1178755.5022079377
2025-07-13 00:00:00+00:00,364730.34980897297,217279.41220881356,1178755.5022079377
2025-07-14 00:00:00+00:00,367827.0134922404,221796.0291492195,1178755.5022079377
2025-07-15 00:00:00+00:00,362158.45359146455,208554.0526344506,1178755.5022079377
2025-07-16 00:00:00+00:00,362158.45359146455,231574.89662440712,1178755.5022079377
2025-07-17 00:00:00+00:00,362158.45359146455,242357.25263734802,1182059.4815548083
2025-07-18 00:00:00+00:00,362158.45359146455,249633.06641470478,1194304.7317426896
2025-07-19 00:00:00+00:00,362158.45359146455,254363.60667880543,1174239.8707625177
2025-07-20 00:00:00+00:00,362158.45359146455,271829.5385188755,1157824.7722384091
2025-07-21 00:00:00+00:00,362158.45359146455,272389.50468000874,1286337.0374050322
2025-07-22 00:00:00+00:00,362158.45359146455,260641.5946922324,1377942.653600339
2025-07-23 00:00:00+00:00,362158.45359146455,260641.5946922324,1226859.7081602844
2025-07-24 00:00:00+00:00,362158.45359146455,260641.5946922324,1226859.7081602844
2025-07-25 00:00:00+00:00,362158.45359146455,260641.5946922324,1226859.7081602844
2025-07-26 00:00:00+00:00,362158.45359146455,260641.5946922324,1226859.7081602844
2025-07-27 00:00:00+00:00,360814.99897126696,264234.431134951,1226859.7081602844
2025-07-28 00:00:00+00:00,354839.18963335885,252975.3594440045,1226859.7081602844
2025-07-29 00:00:00+00:00,354839.18963335885,252975.3594440045,1226859.7081602844
2025-07-30 00:00:00+00:00,354839.18963335885,252975.3594440045,1226859.7081602844
2025-07-31 00:00:00+00:00,354839.18963335885,252975.3594440045,1226859.7081602844
2025-08-01 00:00:00+00:00,354839.18963335885,252975.3594440045,1226859.7081602844
2025-08-02 00:00:00+00:00,354839.18963335885,252975.3594440045,1226859.7081602844
2025-08-03 00:00:00+00:00,354839.18963335885,252975.3594440045,1226859.7081602844
2025-08-04 00:00:00+00:00,354839.18963335885,252975.3594440045,1226859.7081602844
2025-08-05 00:00:00+00:00,354839.18963335885,252975.3594440045,1226859.7081602844
2025-08-06 00:00:00+00:00,354839.18963335885,252975.3594440045,1226859.7081602844
2025-08-07 00:00:00+00:00,357770.8248724067,272736.0219055767,1265766.792863687
2025-08-08 00:00:00+00:00,354532.0701505515,283001.29307692853,1279497.3445292208
2025-08-09 00:00:00+00:00,353752.14215501916,310068.9623573253,1311408.1395533276
2025-08-10 00:00:00+00:00,364890.7160039188,308821.2079446883,1338727.8162799783
2025-08-11 00:00:00+00:00,362477.99772200035,305735.5498464357,1307164.4177943799
2025-08-12 00:00:00+00:00,361121.4356642712,346218.3280992079,1307164.4177943799
2025-08-13 00:00:00+00:00,366065.1631084957,364247.26497712766,1329632.9806946712
2025-08-14 00:00:00+00:00,348201.358317067,333735.4046307957,1256403.2730093051
2025-08-15 00:00:00+00:00,348201.358317067,333735.4046307957,1256403.2730093051
2025-08-16 00:00:00+00:00,348201.358317067,333735.4046307957,1256403.2730093051
2025-08-17 00:00:00+00:00,348201.358317067,333735.4046307957,1256403.2730093051
2025-08-18 00:00:00+00:00,348201.358317067,333735.4046307957,1256403.2730093051
2025-08-19 00:00:00+00:00,348201.358317067,333735.4046307957,1256403.2730093051
2025-08-20 00:00:00+00:00,348201.358317067,333735.4046307957,1256403.2730093051
2025-08-21 00:00:00+00:00,348201.358317067,333735.4046307957,1256403.2730093051
2025-08-22 00:00:00+00:00,348201.358317067,359108.2076456617,1308640.3602256114
2025-08-23 00:00:00+00:00,348201.358317067,353328.73755232175,1341456.2091422218
2025-08-24 00:00:00+00:00,348201.358317067,353240.00735805207,1357251.8834787703
2025-08-25 00:00:00+00:00,348201.358317067,335897.2523361892,1286739.6052010567
2025-08-26 00:00:00+00:00,348201.358317067,335897.2523361892,1286739.6052010567
2025-08-27 00:00:00+00:00,348201.358317067,335897.2523361892,1286739.6052010567
2025-08-28 00:00:00+00:00,348201.358317067,335897.2523361892,1306662.4469584879
2025-08-29 00:00:00+00:00,348201.358317067,335897.2523361892,1208553.447332498
2025-08-30 00:00:00+00:00,348201.358317067,335897.2523361892,1208553.447332498
2025-08-31 00:00:00+00:00,348201.358317067,335897.2523361892,1208553.447332498
2025-09-01 00:00:00+00:00,348201.358317067,335897.2523361892,1208553.447332498
2025-09-02 00:00:00+00:00,348201.358317067,335897.2523361892,1208553.447332498
2025-09-03 00:00:00+00:00,345228.69932036183,335897.2523361892,1208553.447332498
2025-09-04 00:00:00+00:00,338471.0672301378,335897.2523361892,1208553.447332498
2025-09-05 00:00:00+00:00,331324.5151368816,322112.4611662003,1208553.447332498
2025-09-06 00:00:00+00:00,331324.5151368816,322112.4611662003,1208553.447332498
2025-09-07 00:00:00+00:00,331324.5151368816,322112.4611662003,1208553.447332498
2025-09-08 00:00:00+00:00,331324.5151368816,322112.4611662003,1205558.5494931587
2025-09-09 00:00:00+00:00,325663.35085015936,322112.4611662003,1229585.0825242677
2025-09-10 00:00:00+00:00,325922.56145691127,322112.4611662003,1284164.2910360617
2025-09-11 00:00:00+00:00,331561.0508839444,322391.47881967336,1321466.5993182934
2025-09-12 00:00:00+00:00,333631.3465071499,350138.16680238745,1430948.0941435
2025-09-13 00:00:00+00:00,333193.9743018624,345123.54904609843,1432389.3786247906
2025-09-14 00:00:00+00:00,330574.80672270746,335167.3823645885,1410428.9674649606
2025-09-15 00:00:00+00:00,330574.80672270746,335167.3823645885,1415190.9292379897
2025-09-16 00:00:00+00:00,330574.80672270746,335167.3823645885,1415190.9292379897
2025-09-17 00:00:00+00:00,326157.8673091499,335167.3823645885,1415190.9292379897
2025-09-18 00:00:00+00:00,323942.23217405623,335167.3823645885,1411654.042746785
2025-09-19 00:00:00+00:00,321578.8891301723,335167.3823645885,1354704.345104085
2025-09-20 00:00:00+00:00,321578.8891301723,335167.3823645885,1354704.345104085
2025-09-21 00:00:00+00:00,321578.8891301723,335167.3823645885,1354704.345104085
2025-09-22 00:00:00+00:00,321578.8891301723,335167.3823645885,1354704.345104085
2025-09-23 00:00:00+00:00,321578.8891301723,335167.3823645885,1354704.345104085
2025-09-24 00:00:00+00:00,321578.8891301723,335167.3823645885,1354704.345104085
2025-09-25 00:00:00+00:00,321578.8891301723,335167.3823645885,1354704.345104085
